scope,members,label,symbols,transition_count,valid_transitions,median_state_duration,false_reversal_rate_10,false_reversal_10_eligible,false_reversal_10_count,false_reversal_rate_20,false_reversal_20_eligible,false_reversal_20_count,directional_consistency_20,directional_consistency_20_eligible,directional_consistency_20_count,directional_consistency_60,directional_consistency_60_eligible,directional_consistency_60_count,mfe_60_median,mae_60_median,false_reversal_rate_10_symbol_median,false_reversal_rate_20_symbol_median,directional_consistency_20_symbol_median,directional_consistency_60_symbol_median,mfe_60_median_symbol_median,mae_60_median_symbol_median
full,SPY;QQQ;IWM,broad_equity,3,48,48,221,0.041666666666666664,48,2,0.125,48,6,0.4791666666666667,48,23,0.4583333333333333,48,22,0.06010053228094675,-0.06673852528942187,0.05,0.15,0.5,0.5,0.06564672551981732,-0.06281064761504374
full,XLK;XLF;XLE;XLV;XLI;XLP;XLY;XLU,equity_sectors,8,136,134,172.0,0.05970149253731343,134,8,0.12686567164179105,134,17,0.5597014925373134,134,75,0.5223880597014925,134,70,0.054795184596303004,-0.060975473548575965,0.059027777777777776,0.1396103896103896,0.5868055555555556,0.5634920634920635,0.054874228954226334,-0.05117215441635348
full,TLT,rates,1,33,33,96.0,0.06060606060606061,33,2,0.18181818181818182,33,6,0.48484848484848486,33,16,0.5151515151515151,33,17,0.033942639110164374,-0.03225253397891903,0.06060606060606061,0.18181818181818182,0.48484848484848486,0.5151515151515151,0.033942639110164374,-0.03225253397891903
full,GLD,gold,1,18,18,130,0.05555555555555555,18,1,0.1111111111111111,18,2,0.3888888888888889,18,7,0.3888888888888889,18,7,0.033979875132004234,-0.046708520753677485,0.05555555555555555,0.1111111111111111,0.3888888888888889,0.3888888888888889,0.033979875132004234,-0.046708520753677485
selection,SPY;QQQ;IWM,broad_equity,3,34,33,94,0.058823529411764705,34,2,0.17647058823529413,34,6,0.47058823529411764,34,16,0.3939393939393939,33,13,0.056345250379466805,-0.0635821013904827,0.08333333333333333,0.25,0.5,0.4,0.06414983799915663,-0.07424484656776242
selection,XLK;XLF;XLE;XLV;XLI;XLP;XLY;XLU,equity_sectors,8,85,85,202,0.07058823529411765,85,6,0.1411764705882353,85,12,0.5882352941176471,85,50,0.5529411764705883,85,47,0.05701580496393688,-0.049862064060600675,0.03571428571428571,0.1380952380952381,0.6333333333333333,0.5916666666666667,0.0530205689003278,-0.04165069577642683
selection,TLT,rates,1,22,22,111,0.045454545454545456,22,1,0.18181818181818182,22,4,0.45454545454545453,22,10,0.5,22,11,0.030208995895813495,-0.028395414313362177,0.045454545454545456,0.18181818181818182,0.45454545454545453,0.5,0.030208995895813495,-0.028395414313362177
selection,GLD,gold,1,10,10,192,0.0,10,0,0.0,10,0,0.4,10,4,0.4,10,4,0.033979875132004234,-0.0382854814424331,0.0,0.0,0.4,0.4,0.033979875132004234,-0.0382854814424331
out_of_sample,SPY;QQQ;IWM,broad_equity,3,14,14,242,0.0,14,0,0.0,14,0,0.5,14,7,0.5714285714285714,14,8,0.07357704373413876,-0.07493353968056632,0.0,0.0,0.5,0.5,0.07357704373413876,-0.08899180569436332
out_of_sample,XLK;XLF;XLE;XLV;XLI;XLP;XLY;XLU,equity_sectors,8,51,49,108,0.04081632653061224,49,2,0.10204081632653061,49,5,0.5102040816326531,49,25,0.46938775510204084,49,23,0.05278539909121205,-0.06262065403930839,0.0,0.0625,0.5625,0.5,0.051821924672141695,-0.05369281921440297
out_of_sample,TLT,rates,1,11,11,76.5,0.09090909090909091,11,1,0.18181818181818182,11,2,0.5454545454545454,11,6,0.5454545454545454,11,6,0.034263860254228895,-0.04522974728141271,0.09090909090909091,0.18181818181818182,0.5454545454545454,0.5454545454545454,0.034263860254228895,-0.04522974728141271
out_of_sample,GLD,gold,1,8,8,92,0.125,8,1,0.25,8,2,0.375,8,3,0.375,8,3,0.03347099613513138,-0.05113888163043617,0.125,0.25,0.375,0.375,0.03347099613513138,-0.05113888163043617
