neighbour,scope,symbol,candidate_a,candidate_b,common_evaluated_dates,state_agreement,disagreement_rate,transitions_a,transitions_b,matched_transitions,transition_jaccard_3,matched_absolute_timing_differences,median_absolute_transition_timing_difference
ewmac_32_128,full,SPY,ewmac_32_128,ewmac_64_256,5470,0.9034734917733089,0.09652650822669107,38,16,5,0.10204081632653061,1;0;0;1;3,1
ewmac_32_128,full,QQQ,ewmac_32_128,ewmac_64_256,5470,0.8937842778793419,0.10621572212065811,32,12,0,0.0,,
ewmac_32_128,full,IWM,ewmac_32_128,ewmac_64_256,5470,0.8639853747714809,0.13601462522851915,44,20,3,0.04918032786885246,1;0;1,1
ewmac_32_128,full,XLK,ewmac_32_128,ewmac_64_256,5470,0.886471663619744,0.11352833638025595,36,16,1,0.0196078431372549,0,0
ewmac_32_128,full,XLF,ewmac_32_128,ewmac_64_256,5470,0.870018281535649,0.12998171846435103,38,22,2,0.034482758620689655,2;1,1.5
ewmac_32_128,full,XLE,ewmac_32_128,ewmac_64_256,5470,0.8617915904936014,0.13820840950639857,50,18,1,0.014925373134328358,3,3
ewmac_32_128,full,XLV,ewmac_32_128,ewmac_64_256,5470,0.8488117001828154,0.15118829981718462,54,18,5,0.07462686567164178,3;0;1;0;0,0
ewmac_32_128,full,XLI,ewmac_32_128,ewmac_64_256,5470,0.8904936014625229,0.10950639853747712,47,16,2,0.03278688524590164,3;0,1.5
ewmac_32_128,full,XLP,ewmac_32_128,ewmac_64_256,5470,0.8923217550274223,0.10767824497257772,40,14,2,0.038461538461538464,0;1,0.5
ewmac_32_128,full,XLY,ewmac_32_128,ewmac_64_256,5470,0.876782449725777,0.12321755027422299,39,17,1,0.01818181818181818,2,2
ewmac_32_128,full,XLU,ewmac_32_128,ewmac_64_256,5470,0.8789762340036563,0.12102376599634368,43,15,1,0.017543859649122806,1,1
ewmac_32_128,full,TLT,ewmac_32_128,ewmac_64_256,5470,0.8409506398537477,0.15904936014625226,49,33,5,0.06493506493506493,1;1;2;1;0,1
ewmac_32_128,full,GLD,ewmac_32_128,ewmac_64_256,5245,0.8627264061010487,0.13727359389895133,38,18,3,0.05660377358490566,1;2;3,2
ewmac_16_64,full,SPY,ewmac_16_64,ewmac_64_256,5470,0.8054844606946984,0.19451553930530163,70,16,2,0.023809523809523808,3;1,2.0
ewmac_16_64,full,QQQ,ewmac_16_64,ewmac_64_256,5470,0.7892138939670932,0.21078610603290682,94,12,0,0.0,,
ewmac_16_64,full,IWM,ewmac_16_64,ewmac_64_256,5470,0.7334552102376599,0.2665447897623401,99,20,1,0.00847457627118644,1,1
ewmac_16_64,full,XLK,ewmac_16_64,ewmac_64_256,5470,0.793235831809872,0.206764168190128,86,16,3,0.030303030303030304,1;1;3,1
ewmac_16_64,full,XLF,ewmac_16_64,ewmac_64_256,5470,0.7506398537477148,0.2493601462522852,97,22,5,0.043859649122807015,3;1;2;0;3,2
ewmac_16_64,full,XLE,ewmac_16_64,ewmac_64_256,5470,0.7069469835466179,0.2930530164533821,104,18,2,0.016666666666666666,3;2,2.5
ewmac_16_64,full,XLV,ewmac_16_64,ewmac_64_256,5470,0.776599634369287,0.22340036563071297,82,18,0,0.0,,
ewmac_16_64,full,XLI,ewmac_16_64,ewmac_64_256,5470,0.7616087751371116,0.23839122486288844,89,16,1,0.009615384615384616,3,3
ewmac_16_64,full,XLP,ewmac_16_64,ewmac_64_256,5470,0.7698354661791591,0.2301645338208409,109,14,1,0.00819672131147541,2,2
ewmac_16_64,full,XLY,ewmac_16_64,ewmac_64_256,5470,0.7709323583180987,0.2290676416819013,91,17,4,0.038461538461538464,3;2;1;3,2.5
ewmac_16_64,full,XLU,ewmac_16_64,ewmac_64_256,5470,0.7517367458866545,0.2482632541133455,97,15,2,0.01818181818181818,0;1,0.5
ewmac_16_64,full,TLT,ewmac_16_64,ewmac_64_256,5470,0.6912248628884826,0.3087751371115174,111,33,7,0.051094890510948905,3;0;2;0;0;2;3,2
ewmac_16_64,full,GLD,ewmac_16_64,ewmac_64_256,5245,0.7296472831267874,0.2703527168732126,102,18,2,0.01694915254237288,3;0,1.5
ewmac_32_128,selection,SPY,ewmac_32_128,ewmac_64_256,3775,0.9067549668874172,0.09324503311258281,26,12,4,0.11764705882352941,1;0;0;1,0.5
ewmac_32_128,selection,QQQ,ewmac_32_128,ewmac_64_256,3775,0.896158940397351,0.103841059602649,24,10,0,0.0,,
ewmac_32_128,selection,IWM,ewmac_32_128,ewmac_64_256,3775,0.8495364238410597,0.15046357615894035,32,12,3,0.07317073170731707,1;0;1,1
ewmac_32_128,selection,XLK,ewmac_32_128,ewmac_64_256,3775,0.8794701986754967,0.1205298013245033,26,12,1,0.02702702702702703,0,0
ewmac_32_128,selection,XLF,ewmac_32_128,ewmac_64_256,3775,0.8797350993377483,0.1202649006622517,22,14,1,0.02857142857142857,2,2
ewmac_32_128,selection,XLE,ewmac_32_128,ewmac_64_256,3775,0.8725827814569537,0.12741721854304633,32,15,1,0.021739130434782608,3,3
ewmac_32_128,selection,XLV,ewmac_32_128,ewmac_64_256,3775,0.8649006622516556,0.13509933774834437,32,10,3,0.07692307692307693,3;0;1,1
ewmac_32_128,selection,XLI,ewmac_32_128,ewmac_64_256,3775,0.8900662251655629,0.10993377483443711,34,12,2,0.045454545454545456,3;0,1.5
ewmac_32_128,selection,XLP,ewmac_32_128,ewmac_64_256,3775,0.8998675496688742,0.10013245033112583,24,4,0,0.0,,
ewmac_32_128,selection,XLY,ewmac_32_128,ewmac_64_256,3775,0.889271523178808,0.11072847682119202,24,12,1,0.02857142857142857,2,2
ewmac_32_128,selection,XLU,ewmac_32_128,ewmac_64_256,3775,0.8649006622516556,0.13509933774834437,28,6,0,0.0,,
ewmac_32_128,selection,TLT,ewmac_32_128,ewmac_64_256,3775,0.8611920529801325,0.13880794701986754,30,22,3,0.061224489795918366,1;1;2,1
ewmac_32_128,selection,GLD,ewmac_32_128,ewmac_64_256,3550,0.8771830985915493,0.1228169014084507,25,10,1,0.029411764705882353,1,1
ewmac_16_64,selection,SPY,ewmac_16_64,ewmac_64_256,3775,0.800794701986755,0.19920529801324505,50,12,2,0.03333333333333333,3;1,2.0
ewmac_16_64,selection,QQQ,ewmac_16_64,ewmac_64_256,3775,0.7801324503311259,0.21986754966887412,66,10,0,0.0,,
ewmac_16_64,selection,IWM,ewmac_16_64,ewmac_64_256,3775,0.7327152317880795,0.2672847682119205,66,12,1,0.012987012987012988,1,1
ewmac_16_64,selection,XLK,ewmac_16_64,ewmac_64_256,3775,0.791523178807947,0.20847682119205302,60,12,3,0.043478260869565216,1;1;3,1
ewmac_16_64,selection,XLF,ewmac_16_64,ewmac_64_256,3775,0.7478145695364239,0.2521854304635761,62,14,4,0.05555555555555555,3;1;2;0,1.5
ewmac_16_64,selection,XLE,ewmac_16_64,ewmac_64_256,3775,0.7120529801324503,0.28794701986754967,74,15,2,0.022988505747126436,3;2,2.5
ewmac_16_64,selection,XLV,ewmac_16_64,ewmac_64_256,3775,0.7973509933774835,0.2026490066225165,56,10,0,0.0,,
ewmac_16_64,selection,XLI,ewmac_16_64,ewmac_64_256,3775,0.7607947019867549,0.23920529801324508,58,12,1,0.014492753623188406,3,3
ewmac_16_64,selection,XLP,ewmac_16_64,ewmac_64_256,3775,0.7928476821192053,0.2071523178807947,68,4,0,0.0,,
ewmac_16_64,selection,XLY,ewmac_16_64,ewmac_64_256,3775,0.7878145695364238,0.21218543046357619,60,12,4,0.058823529411764705,3;2;1;3,2.5
ewmac_16_64,selection,XLU,ewmac_16_64,ewmac_64_256,3775,0.759205298013245,0.240794701986755,58,6,1,0.015873015873015872,0,0
ewmac_16_64,selection,TLT,ewmac_16_64,ewmac_64_256,3775,0.7170860927152318,0.2829139072847682,77,22,5,0.05319148936170213,3;0;2;0;0,0
ewmac_16_64,selection,GLD,ewmac_16_64,ewmac_64_256,3550,0.7250704225352113,0.27492957746478874,75,10,0,0.0,,
ewmac_32_128,out_of_sample,SPY,ewmac_32_128,ewmac_64_256,1695,0.896165191740413,0.10383480825958702,12,4,1,0.06666666666666667,3,3
ewmac_32_128,out_of_sample,QQQ,ewmac_32_128,ewmac_64_256,1695,0.8884955752212389,0.1115044247787611,8,2,0,0.0,,
ewmac_32_128,out_of_sample,IWM,ewmac_32_128,ewmac_64_256,1695,0.896165191740413,0.10383480825958702,12,8,0,0.0,,
ewmac_32_128,out_of_sample,XLK,ewmac_32_128,ewmac_64_256,1695,0.9020648967551622,0.09793510324483778,10,4,0,0.0,,
ewmac_32_128,out_of_sample,XLF,ewmac_32_128,ewmac_64_256,1695,0.848377581120944,0.15162241887905603,16,8,1,0.043478260869565216,1,1
ewmac_32_128,out_of_sample,XLE,ewmac_32_128,ewmac_64_256,1695,0.8377581120943953,0.16224188790560468,18,3,0,0.0,,
ewmac_32_128,out_of_sample,XLV,ewmac_32_128,ewmac_64_256,1695,0.8129793510324483,0.18702064896755166,22,8,2,0.07142857142857142,0;0,0.0
ewmac_32_128,out_of_sample,XLI,ewmac_32_128,ewmac_64_256,1695,0.8914454277286136,0.10855457227138643,13,4,0,0.0,,
ewmac_32_128,out_of_sample,XLP,ewmac_32_128,ewmac_64_256,1695,0.8755162241887906,0.1244837758112094,16,10,2,0.08333333333333333,0;1,0.5
ewmac_32_128,out_of_sample,XLY,ewmac_32_128,ewmac_64_256,1695,0.8489675516224189,0.15103244837758112,15,5,0,0.0,,
ewmac_32_128,out_of_sample,XLU,ewmac_32_128,ewmac_64_256,1695,0.9103244837758112,0.08967551622418879,15,9,1,0.043478260869565216,1,1
ewmac_32_128,out_of_sample,TLT,ewmac_32_128,ewmac_64_256,1695,0.7958702064896755,0.20412979351032445,19,11,2,0.07142857142857142,1;0,0.5
ewmac_32_128,out_of_sample,GLD,ewmac_32_128,ewmac_64_256,1695,0.8324483775811209,0.1675516224188791,13,8,2,0.10526315789473684,2;3,2.5
ewmac_16_64,out_of_sample,SPY,ewmac_16_64,ewmac_64_256,1695,0.815929203539823,0.184070796460177,20,4,0,0.0,,
ewmac_16_64,out_of_sample,QQQ,ewmac_16_64,ewmac_64_256,1695,0.8094395280235989,0.19056047197640114,28,2,0,0.0,,
ewmac_16_64,out_of_sample,IWM,ewmac_16_64,ewmac_64_256,1695,0.7351032448377581,0.26489675516224187,33,8,0,0.0,,
ewmac_16_64,out_of_sample,XLK,ewmac_16_64,ewmac_64_256,1695,0.7970501474926254,0.20294985250737463,26,4,0,0.0,,
ewmac_16_64,out_of_sample,XLF,ewmac_16_64,ewmac_64_256,1695,0.7569321533923303,0.24306784660766967,35,8,1,0.023809523809523808,3,3
ewmac_16_64,out_of_sample,XLE,ewmac_16_64,ewmac_64_256,1695,0.695575221238938,0.304424778761062,30,3,0,0.0,,
ewmac_16_64,out_of_sample,XLV,ewmac_16_64,ewmac_64_256,1695,0.7303834808259587,0.2696165191740413,26,8,0,0.0,,
ewmac_16_64,out_of_sample,XLI,ewmac_16_64,ewmac_64_256,1695,0.7634218289085546,0.2365781710914454,31,4,0,0.0,,
ewmac_16_64,out_of_sample,XLP,ewmac_16_64,ewmac_64_256,1695,0.7185840707964601,0.28141592920353986,41,10,1,0.02,2,2
ewmac_16_64,out_of_sample,XLY,ewmac_16_64,ewmac_64_256,1695,0.7333333333333333,0.2666666666666667,31,5,0,0.0,,
ewmac_16_64,out_of_sample,XLU,ewmac_16_64,ewmac_64_256,1695,0.7351032448377581,0.26489675516224187,39,9,1,0.02127659574468085,1,1
ewmac_16_64,out_of_sample,TLT,ewmac_16_64,ewmac_64_256,1695,0.6336283185840708,0.36637168141592924,34,11,2,0.046511627906976744,2;3,2.5
ewmac_16_64,out_of_sample,GLD,ewmac_16_64,ewmac_64_256,1695,0.7392330383480826,0.2607669616519174,27,8,2,0.06060606060606061,3;0,1.5
ewmac_32_128,pre_gfc_expansion,SPY,ewmac_32_128,ewmac_64_256,696,0.9339080459770115,0.06609195402298851,8,0,0,0.0,,
ewmac_32_128,pre_gfc_expansion,QQQ,ewmac_32_128,ewmac_64_256,696,0.882183908045977,0.11781609195402298,4,2,0,0.0,,
ewmac_32_128,pre_gfc_expansion,IWM,ewmac_32_128,ewmac_64_256,696,0.8074712643678161,0.19252873563218387,6,0,0,0.0,,
ewmac_32_128,pre_gfc_expansion,XLK,ewmac_32_128,ewmac_64_256,696,0.8922413793103449,0.10775862068965514,6,4,0,0.0,,
ewmac_32_128,pre_gfc_expansion,XLF,ewmac_32_128,ewmac_64_256,696,0.889367816091954,0.11063218390804597,5,1,0,0.0,,
ewmac_32_128,pre_gfc_expansion,XLE,ewmac_32_128,ewmac_64_256,696,0.9554597701149425,0.04454022988505746,2,0,0,0.0,,
ewmac_32_128,pre_gfc_expansion,XLV,ewmac_32_128,ewmac_64_256,696,0.875,0.125,6,2,1,0.14285714285714285,3,3
ewmac_32_128,pre_gfc_expansion,XLI,ewmac_32_128,ewmac_64_256,696,0.8807471264367817,0.11925287356321834,8,0,0,0.0,,
ewmac_32_128,pre_gfc_expansion,XLP,ewmac_32_128,ewmac_64_256,696,0.9813218390804598,0.01867816091954022,2,0,0,0.0,,
ewmac_32_128,pre_gfc_expansion,XLY,ewmac_32_128,ewmac_64_256,696,0.8060344827586207,0.19396551724137934,7,6,1,0.08333333333333333,2,2
ewmac_32_128,pre_gfc_expansion,XLU,ewmac_32_128,ewmac_64_256,696,0.9425287356321839,0.05747126436781613,6,0,0,0.0,,
ewmac_32_128,pre_gfc_expansion,TLT,ewmac_32_128,ewmac_64_256,696,0.8505747126436781,0.14942528735632188,6,4,0,0.0,,
ewmac_32_128,pre_gfc_expansion,GLD,ewmac_32_128,ewmac_64_256,471,0.9278131634819533,0.0721868365180467,3,0,0,0.0,,
ewmac_16_64,pre_gfc_expansion,SPY,ewmac_16_64,ewmac_64_256,696,0.7744252873563219,0.22557471264367812,10,0,0,0.0,,
ewmac_16_64,pre_gfc_expansion,QQQ,ewmac_16_64,ewmac_64_256,696,0.735632183908046,0.26436781609195403,12,2,0,0.0,,
ewmac_16_64,pre_gfc_expansion,IWM,ewmac_16_64,ewmac_64_256,696,0.7313218390804598,0.2686781609195402,10,0,0,0.0,,
ewmac_16_64,pre_gfc_expansion,XLK,ewmac_16_64,ewmac_64_256,696,0.7614942528735632,0.2385057471264368,10,4,1,0.07692307692307693,1,1
ewmac_16_64,pre_gfc_expansion,XLF,ewmac_16_64,ewmac_64_256,696,0.7385057471264368,0.2614942528735632,12,1,0,0.0,,
ewmac_16_64,pre_gfc_expansion,XLE,ewmac_16_64,ewmac_64_256,696,0.7988505747126436,0.20114942528735635,18,0,0,0.0,,
ewmac_16_64,pre_gfc_expansion,XLV,ewmac_16_64,ewmac_64_256,696,0.7974137931034483,0.2025862068965517,10,2,0,0.0,,
ewmac_16_64,pre_gfc_expansion,XLI,ewmac_16_64,ewmac_64_256,696,0.7514367816091954,0.24856321839080464,12,0,0,0.0,,
ewmac_16_64,pre_gfc_expansion,XLP,ewmac_16_64,ewmac_64_256,696,0.8117816091954023,0.18821839080459768,22,0,0,0.0,,
ewmac_16_64,pre_gfc_expansion,XLY,ewmac_16_64,ewmac_64_256,696,0.7112068965517241,0.2887931034482759,13,6,0,0.0,,
ewmac_16_64,pre_gfc_expansion,XLU,ewmac_16_64,ewmac_64_256,696,0.8002873563218391,0.19971264367816088,10,0,0,0.0,,
ewmac_16_64,pre_gfc_expansion,TLT,ewmac_16_64,ewmac_64_256,696,0.6954022988505747,0.3045977011494253,16,4,1,0.05263157894736842,3,3
ewmac_16_64,pre_gfc_expansion,GLD,ewmac_16_64,ewmac_64_256,471,0.7770700636942676,0.22292993630573243,17,0,0,0.0,,
ewmac_32_128,global_financial_crisis,SPY,ewmac_32_128,ewmac_64_256,356,0.8455056179775281,0.1544943820224719,3,1,0,0.0,,
ewmac_32_128,global_financial_crisis,QQQ,ewmac_32_128,ewmac_64_256,356,0.9044943820224719,0.0955056179775281,3,3,0,0.0,,
ewmac_32_128,global_financial_crisis,IWM,ewmac_32_128,ewmac_64_256,356,0.797752808988764,0.202247191011236,5,1,0,0.0,,
ewmac_32_128,global_financial_crisis,XLK,ewmac_32_128,ewmac_64_256,356,0.8651685393258427,0.1348314606741573,3,1,0,0.0,,
ewmac_32_128,global_financial_crisis,XLF,ewmac_32_128,ewmac_64_256,356,1.0,0.0,0,0,0,,,
ewmac_32_128,global_financial_crisis,XLE,ewmac_32_128,ewmac_64_256,356,0.8932584269662921,0.1067415730337079,3,1,0,0.0,,
ewmac_32_128,global_financial_crisis,XLV,ewmac_32_128,ewmac_64_256,356,0.8707865168539326,0.1292134831460674,3,1,0,0.0,,
ewmac_32_128,global_financial_crisis,XLI,ewmac_32_128,ewmac_64_256,356,0.8876404494382022,0.1123595505617978,3,3,1,0.2,3,3
ewmac_32_128,global_financial_crisis,XLP,ewmac_32_128,ewmac_64_256,356,0.7893258426966292,0.2106741573033708,5,1,0,0.0,,
ewmac_32_128,global_financial_crisis,XLY,ewmac_32_128,ewmac_64_256,356,0.9747191011235955,0.0252808988764045,0,1,0,0.0,,
ewmac_32_128,global_financial_crisis,XLU,ewmac_32_128,ewmac_64_256,356,0.797752808988764,0.202247191011236,3,1,0,0.0,,
ewmac_32_128,global_financial_crisis,TLT,ewmac_32_128,ewmac_64_256,356,0.949438202247191,0.050561797752809,2,0,0,0.0,,
ewmac_32_128,global_financial_crisis,GLD,ewmac_32_128,ewmac_64_256,356,0.8202247191011236,0.1797752808988764,2,2,0,0.0,,
ewmac_16_64,global_financial_crisis,SPY,ewmac_16_64,ewmac_64_256,356,0.7584269662921348,0.2415730337078652,3,1,0,0.0,,
ewmac_16_64,global_financial_crisis,QQQ,ewmac_16_64,ewmac_64_256,356,0.7584269662921348,0.2415730337078652,9,3,0,0.0,,
ewmac_16_64,global_financial_crisis,IWM,ewmac_16_64,ewmac_64_256,356,0.7106741573033708,0.2893258426966292,7,1,0,0.0,,
ewmac_16_64,global_financial_crisis,XLK,ewmac_16_64,ewmac_64_256,356,0.7528089887640449,0.2471910112359551,7,1,0,0.0,,
ewmac_16_64,global_financial_crisis,XLF,ewmac_16_64,ewmac_64_256,356,0.9550561797752809,0.0449438202247191,3,0,0,0.0,,
ewmac_16_64,global_financial_crisis,XLE,ewmac_16_64,ewmac_64_256,356,0.7752808988764045,0.2247191011235955,7,1,0,0.0,,
ewmac_16_64,global_financial_crisis,XLV,ewmac_16_64,ewmac_64_256,356,0.7837078651685393,0.2162921348314607,9,1,0,0.0,,
ewmac_16_64,global_financial_crisis,XLI,ewmac_16_64,ewmac_64_256,356,0.7275280898876404,0.2724719101123596,3,3,0,0.0,,
ewmac_16_64,global_financial_crisis,XLP,ewmac_16_64,ewmac_64_256,356,0.7443820224719101,0.2556179775280899,5,1,0,0.0,,
ewmac_16_64,global_financial_crisis,XLY,ewmac_16_64,ewmac_64_256,356,0.8342696629213483,0.1657303370786517,6,1,1,0.16666666666666666,2,2
ewmac_16_64,global_financial_crisis,XLU,ewmac_16_64,ewmac_64_256,356,0.7808988764044944,0.2191011235955056,5,1,0,0.0,,
ewmac_16_64,global_financial_crisis,TLT,ewmac_16_64,ewmac_64_256,356,0.7808988764044944,0.2191011235955056,9,0,0,0.0,,
ewmac_16_64,global_financial_crisis,GLD,ewmac_16_64,ewmac_64_256,356,0.6573033707865169,0.3426966292134831,6,2,0,0.0,,
ewmac_32_128,post_gfc_bull_qe,SPY,ewmac_32_128,ewmac_64_256,1717,0.8846825859056494,0.11531741409435059,11,7,3,0.2,1;0;0,0
ewmac_32_128,post_gfc_bull_qe,QQQ,ewmac_32_128,ewmac_64_256,1717,0.8771112405358182,0.12288875946418176,13,1,0,0.0,,
ewmac_32_128,post_gfc_bull_qe,IWM,ewmac_32_128,ewmac_64_256,1717,0.8625509609784507,0.13744903902154926,12,4,0,0.0,,
ewmac_32_128,post_gfc_bull_qe,XLK,ewmac_32_128,ewmac_64_256,1717,0.8456610366919045,0.1543389633080955,13,3,0,0.0,,
ewmac_32_128,post_gfc_bull_qe,XLF,ewmac_32_128,ewmac_64_256,1717,0.8532323820617356,0.14676761793826443,9,7,1,0.06666666666666667,2,2
ewmac_32_128,post_gfc_bull_qe,XLE,ewmac_32_128,ewmac_64_256,1717,0.8701223063482819,0.12987769365171808,18,10,1,0.037037037037037035,3,3
ewmac_32_128,post_gfc_bull_qe,XLV,ewmac_32_128,ewmac_64_256,1717,0.8677926616191031,0.13220733838089693,9,3,1,0.09090909090909091,0,0
ewmac_32_128,post_gfc_bull_qe,XLI,ewmac_32_128,ewmac_64_256,1717,0.871869539895166,0.12813046010483398,15,5,0,0.0,,
ewmac_32_128,post_gfc_bull_qe,XLP,ewmac_32_128,ewmac_64_256,1717,0.930110658124636,0.069889341875364,9,1,0,0.0,,
ewmac_32_128,post_gfc_bull_qe,XLY,ewmac_32_128,ewmac_64_256,1717,0.9004076878276063,0.09959231217239373,11,1,0,0.0,,
ewmac_32_128,post_gfc_bull_qe,XLU,ewmac_32_128,ewmac_64_256,1717,0.8188701223063483,0.18112987769365174,15,3,0,0.0,,
ewmac_32_128,post_gfc_bull_qe,TLT,ewmac_32_128,ewmac_64_256,1717,0.8293535235876529,0.1706464764123471,16,12,3,0.12,1;1;2,1
ewmac_32_128,post_gfc_bull_qe,GLD,ewmac_32_128,ewmac_64_256,1717,0.8841001747233547,0.11589982527664533,11,3,1,0.07692307692307693,1,1
ewmac_16_64,post_gfc_bull_qe,SPY,ewmac_16_64,ewmac_64_256,1717,0.7914967967384974,0.20850320326150262,23,7,2,0.07142857142857142,3;1,2.0
ewmac_16_64,post_gfc_bull_qe,QQQ,ewmac_16_64,ewmac_64_256,1717,0.7629586488060571,0.23704135119394287,29,1,0,0.0,,
ewmac_16_64,post_gfc_bull_qe,IWM,ewmac_16_64,ewmac_64_256,1717,0.7210250436808386,0.27897495631916136,30,4,0,0.0,,
ewmac_16_64,post_gfc_bull_qe,XLK,ewmac_16_64,ewmac_64_256,1717,0.7623762376237624,0.2376237623762376,31,3,1,0.030303030303030304,1,1
ewmac_16_64,post_gfc_bull_qe,XLF,ewmac_16_64,ewmac_64_256,1717,0.7256843331391962,0.2743156668608038,29,7,2,0.058823529411764705,3;1,2.0
ewmac_16_64,post_gfc_bull_qe,XLE,ewmac_16_64,ewmac_64_256,1717,0.7152009318578917,0.2847990681421083,32,10,2,0.05,3;2,2.5
ewmac_16_64,post_gfc_bull_qe,XLV,ewmac_16_64,ewmac_64_256,1717,0.8410017472335469,0.15899825276645307,15,3,0,0.0,,
ewmac_16_64,post_gfc_bull_qe,XLI,ewmac_16_64,ewmac_64_256,1717,0.7414094350611532,0.2585905649388468,28,5,0,0.0,,
ewmac_16_64,post_gfc_bull_qe,XLP,ewmac_16_64,ewmac_64_256,1717,0.8229470005824112,0.17705299941758879,25,1,0,0.0,,
ewmac_16_64,post_gfc_bull_qe,XLY,ewmac_16_64,ewmac_64_256,1717,0.7949912638322656,0.2050087361677344,23,1,0,0.0,,
ewmac_16_64,post_gfc_bull_qe,XLU,ewmac_16_64,ewmac_64_256,1717,0.6919044845661037,0.30809551543389635,33,3,1,0.02857142857142857,0,0
ewmac_16_64,post_gfc_bull_qe,TLT,ewmac_16_64,ewmac_64_256,1717,0.6924868957483984,0.3075131042516016,33,12,3,0.07142857142857142,0;2;0,0
ewmac_16_64,post_gfc_bull_qe,GLD,ewmac_16_64,ewmac_64_256,1717,0.7682003494467093,0.23179965055329066,33,3,0,0.0,,
ewmac_32_128,late_cycle_pre_covid,SPY,ewmac_32_128,ewmac_64_256,1006,0.9473161033797217,0.05268389662027828,4,4,1,0.14285714285714285,1,1
ewmac_32_128,late_cycle_pre_covid,QQQ,ewmac_32_128,ewmac_64_256,1006,0.9353876739562624,0.06461232604373757,4,4,0,0.0,,
ewmac_32_128,late_cycle_pre_covid,IWM,ewmac_32_128,ewmac_64_256,1006,0.8747514910536779,0.1252485089463221,9,7,3,0.23076923076923078,1;0;1,1
ewmac_32_128,late_cycle_pre_covid,XLK,ewmac_32_128,ewmac_64_256,1006,0.9333996023856859,0.06660039761431413,4,4,1,0.14285714285714285,0,0
ewmac_32_128,late_cycle_pre_covid,XLF,ewmac_32_128,ewmac_64_256,1006,0.8757455268389662,0.12425447316103377,8,6,0,0.0,,
ewmac_32_128,late_cycle_pre_covid,XLE,ewmac_32_128,ewmac_64_256,1006,0.8121272365805169,0.1878727634194831,9,4,0,0.0,,
ewmac_32_128,late_cycle_pre_covid,XLV,ewmac_32_128,ewmac_64_256,1006,0.8508946322067594,0.14910536779324057,14,4,1,0.058823529411764705,1,1
ewmac_32_128,late_cycle_pre_covid,XLI,ewmac_32_128,ewmac_64_256,1006,0.9284294234592445,0.07157057654075549,8,4,1,0.09090909090909091,0,0
ewmac_32_128,late_cycle_pre_covid,XLP,ewmac_32_128,ewmac_64_256,1006,0.831013916500994,0.168986083499006,8,2,0,0.0,,
ewmac_32_128,late_cycle_pre_covid,XLY,ewmac_32_128,ewmac_64_256,1006,0.8976143141153081,0.10238568588469188,6,4,0,0.0,,
ewmac_32_128,late_cycle_pre_covid,XLU,ewmac_32_128,ewmac_64_256,1006,0.9135188866799204,0.08648111332007957,4,2,0,0.0,,
ewmac_32_128,late_cycle_pre_covid,TLT,ewmac_32_128,ewmac_64_256,1006,0.8916500994035785,0.10834990059642147,6,6,0,0.0,,
ewmac_32_128,late_cycle_pre_covid,GLD,ewmac_32_128,ewmac_64_256,1006,0.8618290258449304,0.13817097415506963,9,5,0,0.0,,
ewmac_16_64,late_cycle_pre_covid,SPY,ewmac_16_64,ewmac_64_256,1006,0.8499005964214712,0.1500994035785288,14,4,0,0.0,,
ewmac_16_64,late_cycle_pre_covid,QQQ,ewmac_16_64,ewmac_64_256,1006,0.8479125248508946,0.15208747514910537,16,4,0,0.0,,
ewmac_16_64,late_cycle_pre_covid,IWM,ewmac_16_64,ewmac_64_256,1006,0.7614314115308151,0.23856858846918494,19,7,1,0.04,1,1
ewmac_16_64,late_cycle_pre_covid,XLK,ewmac_16_64,ewmac_64_256,1006,0.8757455268389662,0.12425447316103377,12,4,1,0.06666666666666667,3,3
ewmac_16_64,late_cycle_pre_covid,XLF,ewmac_16_64,ewmac_64_256,1006,0.7186878727634195,0.2813121272365805,18,6,2,0.09090909090909091,2;0,1.0
ewmac_16_64,late_cycle_pre_covid,XLE,ewmac_16_64,ewmac_64_256,1006,0.6242544731610338,0.3757455268389662,17,4,0,0.0,,
ewmac_16_64,late_cycle_pre_covid,XLV,ewmac_16_64,ewmac_64_256,1006,0.7276341948310139,0.2723658051689861,22,4,0,0.0,,
ewmac_16_64,late_cycle_pre_covid,XLI,ewmac_16_64,ewmac_64_256,1006,0.8121272365805169,0.1878727634194831,15,4,0,0.0,,
ewmac_16_64,late_cycle_pre_covid,XLP,ewmac_16_64,ewmac_64_256,1006,0.7455268389662028,0.25447316103379725,16,2,0,0.0,,
ewmac_16_64,late_cycle_pre_covid,XLY,ewmac_16_64,ewmac_64_256,1006,0.8121272365805169,0.1878727634194831,18,4,2,0.1,1;3,2.0
ewmac_16_64,late_cycle_pre_covid,XLU,ewmac_16_64,ewmac_64_256,1006,0.8379721669980119,0.1620278330019881,10,2,0,0.0,,
ewmac_16_64,late_cycle_pre_covid,TLT,ewmac_16_64,ewmac_64_256,1006,0.7514910536779325,0.24850894632206755,19,6,1,0.041666666666666664,0,0
ewmac_16_64,late_cycle_pre_covid,GLD,ewmac_16_64,ewmac_64_256,1006,0.6510934393638171,0.34890656063618286,19,5,0,0.0,,
ewmac_32_128,covid_shock_recovery,SPY,ewmac_32_128,ewmac_64_256,253,0.9525691699604744,0.04743083003952564,2,2,1,0.3333333333333333,3,3
ewmac_32_128,covid_shock_recovery,QQQ,ewmac_32_128,ewmac_64_256,253,0.8932806324110671,0.10671936758893286,2,0,0,0.0,,
ewmac_32_128,covid_shock_recovery,IWM,ewmac_32_128,ewmac_64_256,253,0.857707509881423,0.14229249011857703,2,2,0,0.0,,
ewmac_32_128,covid_shock_recovery,XLK,ewmac_32_128,ewmac_64_256,253,0.8774703557312253,0.12252964426877466,2,0,0,0.0,,
ewmac_32_128,covid_shock_recovery,XLF,ewmac_32_128,ewmac_64_256,253,0.7233201581027668,0.27667984189723316,4,2,0,0.0,,
ewmac_32_128,covid_shock_recovery,XLE,ewmac_32_128,ewmac_64_256,253,0.849802371541502,0.15019762845849804,2,0,0,0.0,,
ewmac_32_128,covid_shock_recovery,XLV,ewmac_32_128,ewmac_64_256,253,0.8814229249011858,0.11857707509881421,2,0,0,0.0,,
ewmac_32_128,covid_shock_recovery,XLI,ewmac_32_128,ewmac_64_256,253,0.8853754940711462,0.11462450592885376,2,2,0,0.0,,
ewmac_32_128,covid_shock_recovery,XLP,ewmac_32_128,ewmac_64_256,253,0.8181818181818182,0.18181818181818177,4,4,0,0.0,,
ewmac_32_128,covid_shock_recovery,XLY,ewmac_32_128,ewmac_64_256,253,0.9486166007905138,0.0513833992094862,2,2,0,0.0,,
ewmac_32_128,covid_shock_recovery,XLU,ewmac_32_128,ewmac_64_256,253,0.9169960474308301,0.08300395256916993,2,2,0,0.0,,
ewmac_32_128,covid_shock_recovery,TLT,ewmac_32_128,ewmac_64_256,253,0.8181818181818182,0.18181818181818177,1,0,0,0.0,,
ewmac_32_128,covid_shock_recovery,GLD,ewmac_32_128,ewmac_64_256,253,1.0,0.0,0,0,0,,,
ewmac_16_64,covid_shock_recovery,SPY,ewmac_16_64,ewmac_64_256,253,0.8537549407114624,0.1462450592885376,2,2,0,0.0,,
ewmac_16_64,covid_shock_recovery,QQQ,ewmac_16_64,ewmac_64_256,253,0.8774703557312253,0.12252964426877466,2,0,0,0.0,,
ewmac_16_64,covid_shock_recovery,IWM,ewmac_16_64,ewmac_64_256,253,0.7351778656126482,0.2648221343873518,2,2,0,0.0,,
ewmac_16_64,covid_shock_recovery,XLK,ewmac_16_64,ewmac_64_256,253,0.857707509881423,0.14229249011857703,2,0,0,0.0,,
ewmac_16_64,covid_shock_recovery,XLF,ewmac_16_64,ewmac_64_256,253,0.5454545454545454,0.4545454545454546,6,2,0,0.0,,
ewmac_16_64,covid_shock_recovery,XLE,ewmac_16_64,ewmac_64_256,253,0.7272727272727273,0.2727272727272727,4,0,0,0.0,,
ewmac_16_64,covid_shock_recovery,XLV,ewmac_16_64,ewmac_64_256,253,0.8616600790513834,0.13833992094861658,2,0,0,0.0,,
ewmac_16_64,covid_shock_recovery,XLI,ewmac_16_64,ewmac_64_256,253,0.7312252964426877,0.26877470355731226,2,2,0,0.0,,
ewmac_16_64,covid_shock_recovery,XLP,ewmac_16_64,ewmac_64_256,253,0.83399209486166,0.16600790513833996,2,4,0,0.0,,
ewmac_16_64,covid_shock_recovery,XLY,ewmac_16_64,ewmac_64_256,253,0.849802371541502,0.15019762845849804,2,2,0,0.0,,
ewmac_16_64,covid_shock_recovery,XLU,ewmac_16_64,ewmac_64_256,253,0.7470355731225297,0.25296442687747034,7,2,0,0.0,,
ewmac_16_64,covid_shock_recovery,TLT,ewmac_16_64,ewmac_64_256,253,0.6007905138339921,0.39920948616600793,4,0,0,0.0,,
ewmac_16_64,covid_shock_recovery,GLD,ewmac_16_64,ewmac_64_256,253,0.841897233201581,0.15810276679841895,5,0,0,0.0,,
ewmac_32_128,post_covid_risk_on,SPY,ewmac_32_128,ewmac_64_256,252,1.0,0.0,0,0,0,,,
ewmac_32_128,post_covid_risk_on,QQQ,ewmac_32_128,ewmac_64_256,252,1.0,0.0,0,0,0,,,
ewmac_32_128,post_covid_risk_on,IWM,ewmac_32_128,ewmac_64_256,252,0.9642857142857143,0.0357142857142857,1,0,0,0.0,,
ewmac_32_128,post_covid_risk_on,XLK,ewmac_32_128,ewmac_64_256,252,1.0,0.0,0,0,0,,,
ewmac_32_128,post_covid_risk_on,XLF,ewmac_32_128,ewmac_64_256,252,1.0,0.0,0,0,0,,,
ewmac_32_128,post_covid_risk_on,XLE,ewmac_32_128,ewmac_64_256,252,0.8928571428571429,0.1071428571428571,2,1,0,0.0,,
ewmac_32_128,post_covid_risk_on,XLV,ewmac_32_128,ewmac_64_256,252,1.0,0.0,0,0,0,,,
ewmac_32_128,post_covid_risk_on,XLI,ewmac_32_128,ewmac_64_256,252,1.0,0.0,0,0,0,,,
ewmac_32_128,post_covid_risk_on,XLP,ewmac_32_128,ewmac_64_256,252,1.0,0.0,0,0,0,,,
ewmac_32_128,post_covid_risk_on,XLY,ewmac_32_128,ewmac_64_256,252,1.0,0.0,0,0,0,,,
ewmac_32_128,post_covid_risk_on,XLU,ewmac_32_128,ewmac_64_256,252,0.9642857142857143,0.0357142857142857,2,0,0,0.0,,
ewmac_32_128,post_covid_risk_on,TLT,ewmac_32_128,ewmac_64_256,252,0.7142857142857143,0.2857142857142857,3,4,0,0.0,,
ewmac_32_128,post_covid_risk_on,GLD,ewmac_32_128,ewmac_64_256,252,0.5674603174603174,0.43253968253968256,6,6,2,0.2,2;3,2.5
ewmac_16_64,post_covid_risk_on,SPY,ewmac_16_64,ewmac_64_256,252,0.9920634920634921,0.007936507936507908,2,0,0,0.0,,
ewmac_16_64,post_covid_risk_on,QQQ,ewmac_16_64,ewmac_64_256,252,0.9722222222222222,0.02777777777777779,2,0,0,0.0,,
ewmac_16_64,post_covid_risk_on,IWM,ewmac_16_64,ewmac_64_256,252,0.7261904761904762,0.27380952380952384,7,0,0,0.0,,
ewmac_16_64,post_covid_risk_on,XLK,ewmac_16_64,ewmac_64_256,252,0.9920634920634921,0.007936507936507908,2,0,0,0.0,,
ewmac_16_64,post_covid_risk_on,XLF,ewmac_16_64,ewmac_64_256,252,0.9801587301587301,0.019841269841269882,2,0,0,0.0,,
ewmac_16_64,post_covid_risk_on,XLE,ewmac_16_64,ewmac_64_256,252,0.7103174603174603,0.28968253968253965,2,1,0,0.0,,
ewmac_16_64,post_covid_risk_on,XLV,ewmac_16_64,ewmac_64_256,252,0.9285714285714286,0.0714285714285714,2,0,0,0.0,,
ewmac_16_64,post_covid_risk_on,XLI,ewmac_16_64,ewmac_64_256,252,0.8888888888888888,0.11111111111111116,4,0,0,0.0,,
ewmac_16_64,post_covid_risk_on,XLP,ewmac_16_64,ewmac_64_256,252,0.8015873015873016,0.19841269841269837,4,0,0,0.0,,
ewmac_16_64,post_covid_risk_on,XLY,ewmac_16_64,ewmac_64_256,252,0.9920634920634921,0.007936507936507908,2,0,0,0.0,,
ewmac_16_64,post_covid_risk_on,XLU,ewmac_16_64,ewmac_64_256,252,0.7658730158730159,0.23412698412698407,7,0,0,0.0,,
ewmac_16_64,post_covid_risk_on,TLT,ewmac_16_64,ewmac_64_256,252,0.6468253968253969,0.35317460317460314,3,4,1,0.16666666666666666,2,2
ewmac_16_64,post_covid_risk_on,GLD,ewmac_16_64,ewmac_64_256,252,0.4722222222222222,0.5277777777777778,9,6,2,0.15384615384615385,3;0,1.5
ewmac_32_128,inflation_rate_shock,SPY,ewmac_32_128,ewmac_64_256,251,0.7888446215139442,0.2111553784860558,3,1,0,0.0,,
ewmac_32_128,inflation_rate_shock,QQQ,ewmac_32_128,ewmac_64_256,251,0.7609561752988048,0.23904382470119523,1,1,0,0.0,,
ewmac_32_128,inflation_rate_shock,IWM,ewmac_32_128,ewmac_64_256,251,0.8884462151394422,0.11155378486055778,2,1,0,0.0,,
ewmac_32_128,inflation_rate_shock,XLK,ewmac_32_128,ewmac_64_256,251,0.7569721115537849,0.24302788844621515,3,1,0,0.0,,
ewmac_32_128,inflation_rate_shock,XLF,ewmac_32_128,ewmac_64_256,251,0.7171314741035857,0.2828685258964143,4,1,0,0.0,,
ewmac_32_128,inflation_rate_shock,XLE,ewmac_32_128,ewmac_64_256,251,1.0,0.0,0,0,0,,,
ewmac_32_128,inflation_rate_shock,XLV,ewmac_32_128,ewmac_64_256,251,0.6254980079681275,0.3745019920318725,6,2,1,0.14285714285714285,0,0
ewmac_32_128,inflation_rate_shock,XLI,ewmac_32_128,ewmac_64_256,251,0.6613545816733067,0.33864541832669326,6,2,0,0.0,,
ewmac_32_128,inflation_rate_shock,XLP,ewmac_32_128,ewmac_64_256,251,0.7888446215139442,0.2111553784860558,4,2,1,0.2,0,0
ewmac_32_128,inflation_rate_shock,XLY,ewmac_32_128,ewmac_64_256,251,0.7609561752988048,0.23904382470119523,1,1,0,0.0,,
ewmac_32_128,inflation_rate_shock,XLU,ewmac_32_128,ewmac_64_256,251,0.8725099601593626,0.12749003984063745,4,2,0,0.0,,
ewmac_32_128,inflation_rate_shock,TLT,ewmac_32_128,ewmac_64_256,251,0.9840637450199203,0.015936254980079667,1,1,0,0.0,,
ewmac_32_128,inflation_rate_shock,GLD,ewmac_32_128,ewmac_64_256,251,0.8286852589641435,0.17131474103585653,2,1,0,0.0,,
ewmac_16_64,inflation_rate_shock,SPY,ewmac_16_64,ewmac_64_256,251,0.5258964143426295,0.47410358565737054,7,1,0,0.0,,
ewmac_16_64,inflation_rate_shock,QQQ,ewmac_16_64,ewmac_64_256,251,0.6135458167330677,0.38645418326693226,7,1,0,0.0,,
ewmac_16_64,inflation_rate_shock,IWM,ewmac_16_64,ewmac_64_256,251,0.6533864541832669,0.3466135458167331,4,1,0,0.0,,
ewmac_16_64,inflation_rate_shock,XLK,ewmac_16_64,ewmac_64_256,251,0.5139442231075697,0.4860557768924303,7,1,0,0.0,,
ewmac_16_64,inflation_rate_shock,XLF,ewmac_16_64,ewmac_64_256,251,0.5219123505976095,0.47808764940239046,8,1,0,0.0,,
ewmac_16_64,inflation_rate_shock,XLE,ewmac_16_64,ewmac_64_256,251,0.8286852589641435,0.17131474103585653,4,0,0,0.0,,
ewmac_16_64,inflation_rate_shock,XLV,ewmac_16_64,ewmac_64_256,251,0.5139442231075697,0.4860557768924303,6,2,0,0.0,,
ewmac_16_64,inflation_rate_shock,XLI,ewmac_16_64,ewmac_64_256,251,0.5338645418326693,0.4661354581673307,6,2,0,0.0,,
ewmac_16_64,inflation_rate_shock,XLP,ewmac_16_64,ewmac_64_256,251,0.6334661354581673,0.3665338645418327,6,2,0,0.0,,
ewmac_16_64,inflation_rate_shock,XLY,ewmac_16_64,ewmac_64_256,251,0.5776892430278885,0.4223107569721115,5,1,0,0.0,,
ewmac_16_64,inflation_rate_shock,XLU,ewmac_16_64,ewmac_64_256,251,0.7051792828685259,0.29482071713147406,6,2,0,0.0,,
ewmac_16_64,inflation_rate_shock,TLT,ewmac_16_64,ewmac_64_256,251,0.8804780876494024,0.11952191235059761,5,1,0,0.0,,
ewmac_16_64,inflation_rate_shock,GLD,ewmac_16_64,ewmac_64_256,251,0.6932270916334662,0.3067729083665338,2,1,0,0.0,,
ewmac_32_128,current_post_2022,SPY,ewmac_32_128,ewmac_64_256,939,0.8817891373801917,0.11821086261980829,7,1,0,0.0,,
ewmac_32_128,current_post_2022,QQQ,ewmac_32_128,ewmac_64_256,939,0.8913738019169329,0.10862619808306706,5,1,0,0.0,,
ewmac_32_128,current_post_2022,IWM,ewmac_32_128,ewmac_64_256,939,0.8903088391906283,0.10969116080937169,7,5,0,0.0,,
ewmac_32_128,current_post_2022,XLK,ewmac_32_128,ewmac_64_256,939,0.9211927582534611,0.07880724174653886,5,3,0,0.0,,
ewmac_32_128,current_post_2022,XLF,ewmac_32_128,ewmac_64_256,939,0.8764643237486688,0.12353567625133122,8,5,1,0.08333333333333333,1,1
ewmac_32_128,current_post_2022,XLE,ewmac_32_128,ewmac_64_256,939,0.7763578274760383,0.22364217252396168,14,2,0,0.0,,
ewmac_32_128,current_post_2022,XLV,ewmac_32_128,ewmac_64_256,939,0.7944621938232161,0.20553780617678385,14,6,1,0.05263157894736842,0,0
ewmac_32_128,current_post_2022,XLI,ewmac_32_128,ewmac_64_256,939,0.9254526091586794,0.07454739084132056,5,0,0,0.0,,
ewmac_32_128,current_post_2022,XLP,ewmac_32_128,ewmac_64_256,939,0.8807241746538871,0.11927582534611292,8,4,1,0.09090909090909091,1,1
ewmac_32_128,current_post_2022,XLY,ewmac_32_128,ewmac_64_256,939,0.805111821086262,0.194888178913738,12,2,0,0.0,,
ewmac_32_128,current_post_2022,XLU,ewmac_32_128,ewmac_64_256,939,0.9041533546325878,0.09584664536741216,7,5,1,0.09090909090909091,1,1
ewmac_32_128,current_post_2022,TLT,ewmac_32_128,ewmac_64_256,939,0.7614483493077743,0.23855165069222573,14,6,2,0.1111111111111111,1;0,0.5
ewmac_32_128,current_post_2022,GLD,ewmac_32_128,ewmac_64_256,939,0.8594249201277955,0.14057507987220452,5,1,0,0.0,,
ewmac_16_64,current_post_2022,SPY,ewmac_16_64,ewmac_64_256,939,0.8359957401490948,0.16400425985090517,9,1,0,0.0,,
ewmac_16_64,current_post_2022,QQQ,ewmac_16_64,ewmac_64_256,939,0.7997870074547391,0.20021299254526093,17,1,0,0.0,,
ewmac_16_64,current_post_2022,IWM,ewmac_16_64,ewmac_64_256,939,0.759318423855165,0.24068157614483499,20,5,0,0.0,,
ewmac_16_64,current_post_2022,XLK,ewmac_16_64,ewmac_64_256,939,0.8040468583599574,0.19595314164004263,15,3,0,0.0,,
ewmac_16_64,current_post_2022,XLF,ewmac_16_64,ewmac_64_256,939,0.8168264110756124,0.18317358892438762,19,5,1,0.043478260869565216,3,3
ewmac_16_64,current_post_2022,XLE,ewmac_16_64,ewmac_64_256,939,0.6474973375931843,0.3525026624068157,20,2,0,0.0,,
ewmac_16_64,current_post_2022,XLV,ewmac_16_64,ewmac_64_256,939,0.6996805111821086,0.3003194888178914,16,6,0,0.0,,
ewmac_16_64,current_post_2022,XLI,ewmac_16_64,ewmac_64_256,939,0.7997870074547391,0.20021299254526093,19,0,0,0.0,,
ewmac_16_64,current_post_2022,XLP,ewmac_16_64,ewmac_64_256,939,0.6879659211927582,0.31203407880724177,29,4,1,0.03125,2,2
ewmac_16_64,current_post_2022,XLY,ewmac_16_64,ewmac_64_256,939,0.6741214057507987,0.3258785942492013,22,2,0,0.0,,
ewmac_16_64,current_post_2022,XLU,ewmac_16_64,ewmac_64_256,939,0.731629392971246,0.26837060702875404,19,5,1,0.043478260869565216,1,1
ewmac_16_64,current_post_2022,TLT,ewmac_16_64,ewmac_64_256,939,0.5729499467518637,0.4270500532481363,22,6,1,0.037037037037037035,3,3
ewmac_16_64,current_post_2022,GLD,ewmac_16_64,ewmac_64_256,939,0.7955271565495208,0.20447284345047922,11,1,0,0.0,,
