symbol,transition_date,previous_state,new_state,regime,false_reversal_10,false_reversal_20,directional_consistency_20,directional_consistency_60,mfe_60,mae_60,regime_false_reversal_10,regime_false_reversal_20,regime_directional_consistency_20,regime_directional_consistency_60,regime_mfe_60,regime_mae_60
SPY,2008-01-24,BULLISH,BEARISH,global_financial_crisis,False,False,False,False,0.05178152774287692,-0.034002404044063184,False,False,False,False,0.05178152774287692,-0.034002404044063184
SPY,2009-09-04,BEARISH,BULLISH,post_gfc_bull_qe,False,False,True,True,0.09651667694382615,0.008622568844879996,False,False,True,True,0.09651667694382615,0.008622568844879996
SPY,2011-09-12,BULLISH,BEARISH,post_gfc_bull_qe,False,False,False,False,0.05289505965673691,-0.10821517326520547,False,False,False,False,0.05289505965673691,-0.10821517326520547
SPY,2011-11-15,BEARISH,BULLISH,post_gfc_bull_qe,True,True,False,True,0.08041328002715598,-0.07725223313909269,True,True,False,True,0.08041328002715598,-0.07725223313909269
SPY,2011-11-21,BULLISH,BEARISH,post_gfc_bull_qe,False,True,False,False,0.02774544057918671,-0.14720974614878246,False,True,False,False,0.02774544057918671,-0.14720974614878246
SPY,2011-12-07,BEARISH,BULLISH,post_gfc_bull_qe,False,False,True,True,0.09369137737016486,-0.04479696249910614,False,False,True,True,0.09369137737016486,-0.04479696249910614
SPY,2015-09-29,BULLISH,BEARISH,post_gfc_bull_qe,False,True,False,False,-0.018658212333995783,-0.12162466085062595,False,True,False,False,-0.018658212333995783,-0.12162466085062595
SPY,2015-10-22,BEARISH,BULLISH,post_gfc_bull_qe,False,False,True,False,0.02796465858596986,-0.09015466314770137,False,False,True,,,
SPY,2016-01-21,BULLISH,BEARISH,late_cycle_pre_covid,False,False,False,False,0.020515783540022592,-0.1265687322629554,False,False,False,False,0.020515783540022592,-0.1265687322629554
SPY,2016-04-01,BEARISH,BULLISH,late_cycle_pre_covid,False,False,False,False,0.026338730627070595,-0.030359504655295577,False,False,False,False,0.026338730627070595,-0.030359504655295577
SPY,2018-12-27,BULLISH,BEARISH,late_cycle_pre_covid,False,False,False,False,0.015560168763737336,-0.15283638204173977,False,False,False,False,0.015560168763737336,-0.15283638204173977
SPY,2019-02-19,BEARISH,BULLISH,late_cycle_pre_covid,False,False,True,True,0.06289419995767176,-0.012200778511741728,False,False,True,True,0.06289419995767176,-0.012200778511741728
SPY,2020-03-25,BULLISH,BEARISH,covid_shock_recovery,False,False,False,False,0.0025934028612000226,-0.3096153775952113,False,False,False,False,0.0025934028612000226,-0.3096153775952113
SPY,2020-06-08,BEARISH,BULLISH,covid_shock_recovery,False,False,False,True,0.09576632479082492,-0.06989494918836103,False,False,False,True,0.09576632479082492,-0.06989494918836103
SPY,2022-05-19,BULLISH,BEARISH,inflation_rate_shock,False,False,True,False,0.058568183664311046,-0.10808866220036562,False,False,True,False,0.058568183664311046,-0.10808866220036562
SPY,2023-04-06,BEARISH,BULLISH,current_post_2022,False,False,True,True,0.08858590380396647,-0.011803965589669785,False,False,True,True,0.08858590380396647,-0.011803965589669785
QQQ,2006-06-26,BULLISH,BEARISH,pre_gfc_expansion,False,False,True,False,0.06666679510073081,-0.05760151019778137,False,False,True,False,0.06666679510073081,-0.05760151019778137
QQQ,2006-10-06,BEARISH,BULLISH,pre_gfc_expansion,False,False,True,True,0.08017353170476094,0.003139492884645989,False,False,True,True,0.08017353170476094,0.003139492884645989
QQQ,2008-02-14,BULLISH,BEARISH,global_financial_crisis,False,False,True,False,0.061632880897582454,-0.11731571545716113,False,False,True,False,0.061632880897582454,-0.11731571545716113
QQQ,2008-05-20,BEARISH,BULLISH,global_financial_crisis,False,False,False,False,0.025978836279309414,-0.10166720346231839,False,False,False,False,0.025978836279309414,-0.10166720346231839
QQQ,2008-07-14,BULLISH,BEARISH,global_financial_crisis,False,False,False,True,0.2613158807600149,-0.09088818293774348,False,False,False,True,0.2613158807600149,-0.09088818293774348
QQQ,2009-07-27,BEARISH,BULLISH,post_gfc_bull_qe,False,False,True,True,0.09941116852897869,-0.02210937660446166,False,False,True,True,0.09941116852897869,-0.02210937660446166
QQQ,2016-02-11,BULLISH,BEARISH,late_cycle_pre_covid,False,False,False,False,-0.015224941163673122,-0.15546250974922216,False,False,False,False,-0.015224941163673122,-0.15546250974922216
QQQ,2016-03-29,BEARISH,BULLISH,late_cycle_pre_covid,False,False,False,False,0.022052368588016513,-0.03500893631800772,False,False,False,False,0.022052368588016513,-0.03500893631800772
QQQ,2018-12-28,BULLISH,BEARISH,late_cycle_pre_covid,False,False,False,False,0.020592193414765037,-0.19567425890065926,False,False,False,False,0.020592193414765037,-0.19567425890065926
QQQ,2019-02-15,BEARISH,BULLISH,late_cycle_pre_covid,False,False,True,True,0.11351506658614063,-0.0044783714255116625,False,False,True,True,0.11351506658614063,-0.0044783714255116625
QQQ,2022-04-26,BULLISH,BEARISH,inflation_rate_shock,False,False,True,True,0.1442582477138693,-0.03928839583962995,False,False,True,True,0.1442582477138693,-0.03928839583962995
QQQ,2023-04-13,BEARISH,BULLISH,current_post_2022,False,False,True,True,0.16175675083967067,-0.028762032615141542,False,False,True,True,0.16175675083967067,-0.028762032615141542
IWM,2007-12-12,BULLISH,BEARISH,global_financial_crisis,False,False,True,True,0.15853270543129372,-0.03419588803238116,False,False,True,True,0.15853270543129372,-0.03419588803238116
IWM,2009-08-24,BEARISH,BULLISH,post_gfc_bull_qe,False,False,True,True,0.07494820066016783,-0.04283484215979316,False,False,True,True,0.07494820066016783,-0.04283484215979316
IWM,2011-09-02,BULLISH,BEARISH,post_gfc_bull_qe,False,False,True,False,0.10566060410316358,-0.12060035815342363,False,False,True,False,0.10566060410316358,-0.12060035815342363
IWM,2012-01-19,BEARISH,BULLISH,post_gfc_bull_qe,False,False,True,True,0.08259236193470443,-0.0006395438095239125,False,False,True,True,0.08259236193470443,-0.0006395438095239125
IWM,2015-09-23,BULLISH,BEARISH,post_gfc_bull_qe,False,False,False,False,0.04921030813245442,-0.0600780206604028,False,False,False,False,0.04921030813245442,-0.0600780206604028
IWM,2016-06-10,BEARISH,BULLISH,late_cycle_pre_covid,False,False,True,True,0.07964596718260752,-0.0635821013904827,False,False,True,True,0.07964596718260752,-0.0635821013904827
IWM,2018-12-04,BULLISH,BEARISH,late_cycle_pre_covid,False,False,True,False,0.14383648394921855,-0.0762576576411953,False,False,True,False,0.14383648394921855,-0.0762576576411953
IWM,2019-04-10,BEARISH,BULLISH,late_cycle_pre_covid,False,False,False,False,0.02161336958627791,-0.07278644474868146,False,False,False,False,0.02161336958627791,-0.07278644474868146
IWM,2019-08-21,BULLISH,BEARISH,late_cycle_pre_covid,False,True,False,False,0.03677349405345176,-0.06203919383960477,False,True,False,False,0.03677349405345176,-0.06203919383960477
IWM,2019-09-19,BEARISH,BULLISH,late_cycle_pre_covid,True,True,False,True,0.056345250379466805,-0.05640214226335194,True,True,False,True,0.056345250379466805,-0.05640214226335194
IWM,2019-10-02,BULLISH,BEARISH,late_cycle_pre_covid,False,True,False,False,0.005365139131544461,-0.1361048588469005,False,True,False,False,0.005365139131544461,-0.1361048588469005
IWM,2019-10-28,BEARISH,BULLISH,late_cycle_pre_covid,False,False,True,True,0.08834575589266702,-0.00569258569353448,False,False,True,,,
IWM,2020-03-13,BULLISH,BEARISH,covid_shock_recovery,False,False,False,False,0.16380686403945044,-0.286364127760141,False,False,False,False,0.16380686403945044,-0.286364127760141
IWM,2020-08-13,BEARISH,BULLISH,covid_shock_recovery,False,False,False,True,0.053111422589754875,-0.0799721301727716,False,False,False,True,0.053111422589754875,-0.0799721301727716
IWM,2022-02-15,BULLISH,BEARISH,inflation_rate_shock,False,False,True,True,0.17045856050259212,-0.029438607147044715,False,False,True,True,0.17045856050259212,-0.029438607147044715
IWM,2023-07-14,BEARISH,BULLISH,current_post_2022,False,False,False,False,0.03748770099409904,-0.10226483762829641,False,False,False,False,0.03748770099409904,-0.10226483762829641
IWM,2023-10-04,BULLISH,BEARISH,current_post_2022,False,False,True,False,0.05262261271275803,-0.2006244019833079,False,False,True,False,0.05262261271275803,-0.2006244019833079
IWM,2023-12-20,BEARISH,BULLISH,current_post_2022,False,False,True,True,0.05441214131036953,-0.034644442640008544,False,False,True,True,0.05441214131036953,-0.034644442640008544
IWM,2025-04-04,BULLISH,BEARISH,current_post_2022,False,False,False,False,0.035156439139307105,-0.22325279871638282,False,False,False,False,0.035156439139307105,-0.22325279871638282
IWM,2025-07-08,BEARISH,BULLISH,current_post_2022,False,False,False,True,0.10976041127326597,-0.028610177467930042,False,False,False,True,0.10976041127326597,-0.028610177467930042
XLK,2005-04-29,BULLISH,BEARISH,pre_gfc_expansion,False,True,False,False,0.0010598754605016802,-0.12453692009697215,False,True,False,False,0.0010598754605016802,-0.12453692009697215
XLK,2005-05-24,BEARISH,BULLISH,pre_gfc_expansion,False,False,True,True,0.0599006314404118,-0.018316909822562844,False,False,True,True,0.0599006314404118,-0.018316909822562844
XLK,2006-06-20,BULLISH,BEARISH,pre_gfc_expansion,False,False,True,False,0.053313359013602124,-0.08071740878882006,False,False,True,False,0.053313359013602124,-0.08071740878882006
XLK,2006-09-22,BEARISH,BULLISH,pre_gfc_expansion,False,False,True,True,0.10231483490234194,0.011110919034070355,False,False,True,True,0.10231483490234194,0.011110919034070355
XLK,2008-02-06,BULLISH,BEARISH,global_financial_crisis,False,False,True,False,0.024630282869826714,-0.11091431923766448,False,False,True,False,0.024630282869826714,-0.11091431923766448
XLK,2009-07-28,BEARISH,BULLISH,post_gfc_bull_qe,False,False,True,True,0.08883811345942427,-0.022853978738628156,False,False,True,True,0.08883811345942427,-0.022853978738628156
XLK,2011-10-03,BULLISH,BEARISH,post_gfc_bull_qe,True,True,False,False,-0.020373036782415976,-0.14911164363598517,True,True,False,False,-0.020373036782415976,-0.14911164363598517
XLK,2011-10-12,BEARISH,BULLISH,post_gfc_bull_qe,False,False,True,True,0.049070027374830794,-0.049862064060600675,False,False,True,True,0.049070027374830794,-0.049862064060600675
XLK,2016-02-18,BULLISH,BEARISH,late_cycle_pre_covid,True,True,False,False,0.001969463663632487,-0.10573346465200317,True,True,False,False,0.001969463663632487,-0.10573346465200317
XLK,2016-03-01,BEARISH,BULLISH,late_cycle_pre_covid,False,False,True,True,0.06484882159850747,-0.006873615159002644,False,False,True,True,0.06484882159850747,-0.006873615159002644
XLK,2018-12-26,BULLISH,BEARISH,late_cycle_pre_covid,False,False,False,False,0.036170608143111016,-0.2329392859554027,False,False,False,False,0.036170608143111016,-0.2329392859554027
XLK,2019-02-25,BEARISH,BULLISH,late_cycle_pre_covid,False,False,True,True,0.1148890853176674,-0.016483714395829407,False,False,True,True,0.1148890853176674,-0.016483714395829407
XLK,2022-05-12,BULLISH,BEARISH,inflation_rate_shock,False,False,True,False,0.06084108948632139,-0.1236061567769593,False,False,True,False,0.06084108948632139,-0.1236061567769593
XLK,2023-03-20,BEARISH,BULLISH,current_post_2022,False,False,True,True,0.2012122310595561,-0.0019507579136736064,False,False,True,True,0.2012122310595561,-0.0019507579136736064
XLK,2025-04-11,BULLISH,BEARISH,current_post_2022,False,False,False,False,0.05278539909121205,-0.30202821161682825,False,False,False,False,0.05278539909121205,-0.30202821161682825
XLK,2025-05-19,BEARISH,BULLISH,current_post_2022,False,False,True,True,0.14583103523672358,-0.03299939940160512,False,False,True,True,0.14583103523672358,-0.03299939940160512
XLF,2007-08-28,BULLISH,BEARISH,pre_gfc_expansion,False,False,False,True,0.1303887227627596,-0.09165303373271683,False,False,False,,,
XLF,2009-10-06,BEARISH,BULLISH,post_gfc_bull_qe,False,False,False,False,0.05358377753227361,-0.06162040548956915,False,False,False,False,0.05358377753227361,-0.06162040548956915
XLF,2010-08-16,BULLISH,BEARISH,post_gfc_bull_qe,False,False,False,False,0.04205252291289996,-0.11297203607934314,False,False,False,False,0.04205252291289996,-0.11297203607934314
XLF,2010-11-05,BEARISH,BULLISH,post_gfc_bull_qe,False,False,False,True,0.07835075212271714,-0.07509588264443134,False,False,False,True,0.07835075212271714,-0.07509588264443134
XLF,2011-07-18,BULLISH,BEARISH,post_gfc_bull_qe,False,False,True,True,0.22704264345590186,-0.04846443875049067,False,False,True,True,0.22704264345590186,-0.04846443875049067
XLF,2012-02-28,BEARISH,BULLISH,post_gfc_bull_qe,False,False,True,False,0.08171503508717004,-0.06788405012352183,False,False,True,False,0.08171503508717004,-0.06788405012352183
XLF,2015-10-02,BULLISH,BEARISH,post_gfc_bull_qe,False,True,False,False,-0.008370017829909093,-0.09383256232852921,False,True,False,False,-0.008370017829909093,-0.09383256232852921
XLF,2015-10-29,BEARISH,BULLISH,post_gfc_bull_qe,False,False,True,False,0.01637353119741647,-0.14119332883299152,False,False,True,,,
XLF,2016-01-14,BULLISH,BEARISH,late_cycle_pre_covid,False,False,True,False,0.10269339589540305,-0.042030373165252266,False,False,True,False,0.10269339589540305,-0.042030373165252266
XLF,2016-05-31,BEARISH,BULLISH,late_cycle_pre_covid,False,False,False,True,0.01889314046760826,-0.09201287307783279,False,False,False,True,0.01889314046760826,-0.09201287307783279
XLF,2016-06-29,BULLISH,BEARISH,late_cycle_pre_covid,True,True,False,False,0.004443957182255209,-0.09200018398348186,True,True,False,False,0.004443957182255209,-0.09200018398348186
XLF,2016-07-13,BEARISH,BULLISH,late_cycle_pre_covid,False,False,True,True,0.0526991478306178,0.002142131165095984,False,False,True,True,0.0526991478306178,0.002142131165095984
XLF,2018-12-07,BULLISH,BEARISH,late_cycle_pre_covid,False,False,True,False,0.10596915491635417,-0.06955074501937464,False,False,True,False,0.10596915491635417,-0.06955074501937464
XLF,2019-04-17,BEARISH,BULLISH,late_cycle_pre_covid,False,False,False,True,0.03808492716277878,-0.05142241685751092,False,False,False,True,0.03808492716277878,-0.05142241685751092
XLF,2020-03-18,BULLISH,BEARISH,covid_shock_recovery,False,False,False,False,0.07192546474806605,-0.40524964488212767,False,False,False,False,0.07192546474806605,-0.40524964488212767
XLF,2020-11-17,BEARISH,BULLISH,covid_shock_recovery,False,False,True,True,0.1682480686370027,-0.014860514930928992,False,False,True,,,
XLF,2022-05-18,BULLISH,BEARISH,inflation_rate_shock,False,False,True,False,0.07108413037819872,-0.07679397001016941,False,False,True,False,0.07108413037819872,-0.07679397001016941
XLF,2023-01-11,BEARISH,BULLISH,current_post_2022,False,False,True,False,0.034097231919456794,-0.1341532125677971,False,False,True,False,0.034097231919456794,-0.1341532125677971
XLF,2023-03-23,BULLISH,BEARISH,current_post_2022,False,False,False,False,0.0006450021951920348,-0.08513352832714283,False,False,False,False,0.0006450021951920348,-0.08513352832714283
XLF,2023-07-26,BEARISH,BULLISH,current_post_2022,False,False,False,False,-0.005058975690832579,-0.08615235571071611,False,False,False,False,-0.005058975690832579,-0.08615235571071611
XLF,2023-10-23,BULLISH,BEARISH,current_post_2022,False,True,False,False,0.01718738858019697,-0.19306505037002442,False,True,False,False,0.01718738858019697,-0.19306505037002442
XLF,2023-11-20,BEARISH,BULLISH,current_post_2022,False,False,True,True,0.13703817774944582,-0.0005686887177365207,False,False,True,True,0.13703817774944582,-0.0005686887177365207
XLE,2008-09-11,BULLISH,BEARISH,global_financial_crisis,False,False,True,True,0.3987875608298914,-0.0719820508469291,False,False,True,True,0.3987875608298914,-0.0719820508469291
XLE,2009-10-13,BEARISH,BULLISH,post_gfc_bull_qe,False,False,True,True,0.06346553607931638,-0.03841465813959399,False,False,True,True,0.06346553607931638,-0.03841465813959399
XLE,2010-06-29,BULLISH,BEARISH,post_gfc_bull_qe,False,False,False,False,0.013781025415578685,-0.12462584407770128,False,False,False,False,0.013781025415578685,-0.12462584407770128
XLE,2010-10-07,BEARISH,BULLISH,post_gfc_bull_qe,False,False,True,True,0.19822797238341128,0.009541713185529765,False,False,True,True,0.19822797238341128,0.009541713185529765
XLE,2011-09-27,BULLISH,BEARISH,post_gfc_bull_qe,False,False,False,False,0.08439952954080465,-0.18321710945433267,False,False,False,False,0.08439952954080465,-0.18321710945433267
XLE,2011-11-14,BEARISH,BULLISH,post_gfc_bull_qe,True,True,False,True,0.04239674934413129,-0.10489381585103064,True,True,False,True,0.04239674934413129,-0.10489381585103064
XLE,2011-11-23,BULLISH,BEARISH,post_gfc_bull_qe,True,True,False,False,0.007154944494879523,-0.1801181972382817,True,True,False,False,0.007154944494879523,-0.1801181972382817
XLE,2011-12-02,BEARISH,BULLISH,post_gfc_bull_qe,False,False,True,True,0.08708682864482653,-0.07334519712666232,False,False,True,True,0.08708682864482653,-0.07334519712666232
XLE,2012-05-25,BULLISH,BEARISH,post_gfc_bull_qe,False,False,True,False,0.0482111033699516,-0.12007769793596945,False,False,True,False,0.0482111033699516,-0.12007769793596945
XLE,2012-08-15,BEARISH,BULLISH,post_gfc_bull_qe,False,False,True,False,0.06406365928327817,-0.029162744134550667,False,False,True,False,0.06406365928327817,-0.029162744134550667
XLE,2014-11-11,BULLISH,BEARISH,post_gfc_bull_qe,False,False,True,True,0.1598369887071801,-0.014210385348546017,False,False,True,True,0.1598369887071801,-0.014210385348546017
XLE,2016-06-29,BEARISH,BULLISH,late_cycle_pre_covid,False,False,False,True,0.06115233733052339,-0.0375182939960127,False,False,False,True,0.06115233733052339,-0.0375182939960127
XLE,2017-05-23,BULLISH,BEARISH,late_cycle_pre_covid,False,False,True,True,0.08302365279194734,0.005286810993014868,False,False,True,True,0.08302365279194734,0.005286810993014868
XLE,2017-10-30,BEARISH,BULLISH,late_cycle_pre_covid,False,False,True,True,0.16043108914524495,-0.008716083962867938,False,False,True,True,0.16043108914524495,-0.008716083962867938
XLE,2018-11-16,BULLISH,BEARISH,late_cycle_pre_covid,False,False,True,True,0.1910744739410979,-0.0059540536855955395,False,False,True,True,0.1910744739410979,-0.0059540536855955395
XLE,2021-02-08,BEARISH,BULLISH,post_covid_risk_on,False,False,True,True,0.2081642118436906,-0.010600070036858367,False,False,True,True,0.2081642118436906,-0.010600070036858367
XLE,2025-04-15,BULLISH,BEARISH,current_post_2022,False,False,False,False,-0.004047870787870833,-0.13668616168552594,False,False,False,False,-0.004047870787870833,-0.13668616168552594
XLE,2025-08-27,BEARISH,BULLISH,current_post_2022,False,False,True,True,0.04018438766647359,-0.03668203674057924,False,False,True,True,0.04018438766647359,-0.03668203674057924
XLV,2006-05-31,BULLISH,BEARISH,pre_gfc_expansion,False,False,True,False,0.022145418965706765,-0.07511067704201846,False,False,True,False,0.022145418965706765,-0.07511067704201846
XLV,2006-08-07,BEARISH,BULLISH,pre_gfc_expansion,False,False,True,True,0.07395839331425513,-0.005043508244232164,False,False,True,True,0.07395839331425513,-0.005043508244232164
XLV,2008-02-22,BULLISH,BEARISH,global_financial_crisis,False,False,True,True,0.081810093321658,-0.012886278213037006,False,False,True,True,0.081810093321658,-0.012886278213037006
XLV,2009-08-21,BEARISH,BULLISH,post_gfc_bull_qe,False,False,True,True,0.053426327846625155,-0.020571229570320093,False,False,True,True,0.053426327846625155,-0.020571229570320093
XLV,2010-07-20,BULLISH,BEARISH,post_gfc_bull_qe,False,False,False,False,0.021928115286932504,-0.08735974977087313,False,False,False,False,0.021928115286932504,-0.08735974977087313
XLV,2010-09-23,BEARISH,BULLISH,post_gfc_bull_qe,False,False,True,True,0.052373022391794644,-0.0019832805662557407,False,False,True,True,0.052373022391794644,-0.0019832805662557407
XLV,2016-01-28,BULLISH,BEARISH,late_cycle_pre_covid,False,False,False,False,0.0287462492519428,-0.10287226043687925,False,False,False,False,0.0287462492519428,-0.10287226043687925
XLV,2016-04-28,BEARISH,BULLISH,late_cycle_pre_covid,False,False,False,True,0.061944742832510835,-0.03166079734704874,False,False,False,True,0.061944742832510835,-0.03166079734704874
XLV,2016-12-01,BULLISH,BEARISH,late_cycle_pre_covid,False,False,False,False,0.005274994975031255,-0.11461144667434264,False,False,False,False,0.005274994975031255,-0.11461144667434264
XLV,2017-02-03,BEARISH,BULLISH,late_cycle_pre_covid,False,False,True,True,0.07238854025132957,0.0005597591627402032,False,False,True,True,0.07238854025132957,0.0005597591627402032
XLV,2022-09-27,BULLISH,BEARISH,inflation_rate_shock,False,False,False,False,0.0006602407982134739,-0.1560357651956108,False,False,False,False,0.0006602407982134739,-0.1560357651956108
XLV,2022-11-08,BEARISH,BULLISH,inflation_rate_shock,False,False,True,False,0.05441401368917731,-0.01076221508283104,False,False,True,,,
XLV,2023-10-30,BULLISH,BEARISH,current_post_2022,False,False,False,False,-0.0057336610673377475,-0.14351264787701568,False,False,False,False,-0.0057336610673377475,-0.14351264787701568
XLV,2023-12-12,BEARISH,BULLISH,current_post_2022,False,False,True,True,0.11244131266435375,-0.0013909425693425792,False,False,True,True,0.11244131266435375,-0.0013909425693425792
XLV,2025-01-17,BULLISH,BEARISH,current_post_2022,True,True,False,True,0.04769232270173396,-0.06776998371623888,True,True,False,True,0.04769232270173396,-0.06776998371623888
XLV,2025-01-27,BEARISH,BULLISH,current_post_2022,False,False,True,False,0.014435809765945384,-0.098048743537264,False,False,True,False,0.014435809765945384,-0.098048743537264
XLV,2025-04-16,BULLISH,BEARISH,current_post_2022,False,False,True,True,0.0551763555034287,-0.030669992816729108,False,False,True,True,0.0551763555034287,-0.030669992816729108
XLV,2025-10-17,BEARISH,BULLISH,current_post_2022,False,False,True,True,0.1191450328975936,0.004955591876229404,False,False,True,True,0.1191450328975936,0.004955591876229404
XLI,2008-02-22,BULLISH,BEARISH,global_financial_crisis,False,False,False,False,0.0567972230506113,-0.07392794615907028,False,False,False,False,0.0567972230506113,-0.07392794615907028
XLI,2008-04-25,BEARISH,BULLISH,global_financial_crisis,False,False,False,False,0.03518405745364461,-0.14692196606425612,False,False,False,False,0.03518405745364461,-0.14692196606425612
XLI,2008-06-26,BULLISH,BEARISH,global_financial_crisis,False,False,True,True,0.08559105684759682,-0.03170036829007472,False,False,True,True,0.08559105684759682,-0.03170036829007472
XLI,2009-09-18,BEARISH,BULLISH,post_gfc_bull_qe,False,False,True,True,0.05701580496393688,-0.06368004898413238,False,False,True,True,0.05701580496393688,-0.06368004898413238
XLI,2011-08-25,BULLISH,BEARISH,post_gfc_bull_qe,False,False,True,False,0.05746003426645696,-0.13702168348754928,False,False,True,False,0.05746003426645696,-0.13702168348754928
XLI,2012-01-05,BEARISH,BULLISH,post_gfc_bull_qe,False,False,True,True,0.10089618622398144,-0.002020008179580368,False,False,True,True,0.10089618622398144,-0.002020008179580368
XLI,2015-08-26,BULLISH,BEARISH,post_gfc_bull_qe,False,False,True,False,0.02803736169402049,-0.09656822052896019,False,False,True,False,0.02803736169402049,-0.09656822052896019
XLI,2015-11-23,BEARISH,BULLISH,post_gfc_bull_qe,False,False,False,False,0.00018145603204633431,-0.12322566774394306,False,False,False,,,
XLI,2016-01-06,BULLISH,BEARISH,late_cycle_pre_covid,False,False,True,False,0.0701139338195993,-0.08942694082972147,False,False,True,False,0.0701139338195993,-0.08942694082972147
XLI,2016-03-28,BEARISH,BULLISH,late_cycle_pre_covid,False,False,True,True,0.03645258377188276,-0.011606897945241945,False,False,True,True,0.03645258377188276,-0.011606897945241945
XLI,2018-12-06,BULLISH,BEARISH,late_cycle_pre_covid,False,False,True,False,0.1310608223152221,-0.10309483951902454,False,False,True,False,0.1310608223152221,-0.10309483951902454
XLI,2019-02-28,BEARISH,BULLISH,late_cycle_pre_covid,False,False,False,False,0.03751520668694486,-0.038898430598566236,False,False,False,False,0.03751520668694486,-0.038898430598566236
XLI,2020-03-17,BULLISH,BEARISH,covid_shock_recovery,False,False,False,False,0.15798091987098994,-0.317154955501056,False,False,False,False,0.15798091987098994,-0.317154955501056
XLI,2020-08-19,BEARISH,BULLISH,covid_shock_recovery,False,False,True,True,0.12243847833145116,-0.0181451070719173,False,False,True,True,0.12243847833145116,-0.0181451070719173
XLI,2022-05-16,BULLISH,BEARISH,inflation_rate_shock,False,False,True,False,0.07970324595594891,-0.06262065403930839,False,False,True,False,0.07970324595594891,-0.06262065403930839
XLI,2022-12-01,BEARISH,BULLISH,inflation_rate_shock,False,False,False,True,0.02136286276069921,-0.04094785924878097,False,False,False,,,
XLP,2008-10-14,BULLISH,BEARISH,global_financial_crisis,False,False,True,True,0.11353532242453934,-0.004039982637199069,False,False,True,True,0.11353532242453934,-0.004039982637199069
XLP,2009-08-12,BEARISH,BULLISH,post_gfc_bull_qe,False,False,True,True,0.0996024134909701,-0.005763953557612278,False,False,True,True,0.0996024134909701,-0.005763953557612278
XLP,2018-04-06,BULLISH,BEARISH,late_cycle_pre_covid,False,False,True,True,0.06562357634992477,-0.016406122878172003,False,False,True,True,0.06562357634992477,-0.016406122878172003
XLP,2018-08-20,BEARISH,BULLISH,late_cycle_pre_covid,False,False,False,True,0.04057674271397271,-0.04604599197298653,False,False,False,True,0.04057674271397271,-0.04604599197298653
XLP,2020-04-03,BULLISH,BEARISH,covid_shock_recovery,True,True,False,False,-0.025293662838135056,-0.10334234265443065,True,True,False,False,-0.025293662838135056,-0.10334234265443065
XLP,2020-04-17,BEARISH,BULLISH,covid_shock_recovery,False,True,False,True,0.01745419246619151,-0.06033054160758278,False,True,False,True,0.01745419246619151,-0.06033054160758278
XLP,2020-05-06,BULLISH,BEARISH,covid_shock_recovery,False,False,False,False,0.0028064948924607647,-0.10943803472048508,False,False,False,False,0.0028064948924607647,-0.10943803472048508
XLP,2020-06-05,BEARISH,BULLISH,covid_shock_recovery,False,False,False,True,0.09702941832704726,-0.04708401285781105,False,False,False,True,0.09702941832704726,-0.04708401285781105
XLP,2022-10-06,BULLISH,BEARISH,inflation_rate_shock,False,False,False,False,0.014961043665621898,-0.14338578767516363,False,False,False,,,
XLP,2022-11-21,BEARISH,BULLISH,inflation_rate_shock,False,False,False,False,0.023875715711674905,-0.03731623862695088,False,False,False,,,
XLP,2023-09-27,BULLISH,BEARISH,current_post_2022,False,False,True,False,0.03749995414153662,-0.050872221961939745,False,False,True,False,0.03749995414153662,-0.050872221961939745
XLP,2024-01-25,BEARISH,BULLISH,current_post_2022,False,False,True,True,0.06422494559875469,0.004842307408227997,False,False,True,True,0.06422494559875469,0.004842307408227997
XLP,2025-11-06,BULLISH,BEARISH,current_post_2022,False,False,False,False,-0.010978737955795737,-0.1598927830322543,False,False,False,False,-0.010978737955795737,-0.1598927830322543
XLP,2026-01-13,BEARISH,BULLISH,current_post_2022,False,False,True,True,0.10972764153047199,0.002219303801291206,False,False,True,True,0.10972764153047199,0.002219303801291206
XLY,2005-10-20,BULLISH,BEARISH,pre_gfc_expansion,False,False,False,False,0.017560435436950628,-0.08629782448490486,False,False,False,False,0.017560435436950628,-0.08629782448490486
XLY,2005-11-25,BEARISH,BULLISH,pre_gfc_expansion,False,False,False,True,0.010179499451343776,-0.025632234961405653,False,False,False,True,0.010179499451343776,-0.025632234961405653
XLY,2006-07-20,BULLISH,BEARISH,pre_gfc_expansion,False,False,False,False,0.00916856087208584,-0.16347284422623942,False,False,False,False,0.00916856087208584,-0.16347284422623942
XLY,2006-09-18,BEARISH,BULLISH,pre_gfc_expansion,False,False,True,True,0.11902007081964894,0.002042378622258534,False,False,True,True,0.11902007081964894,0.002042378622258534
XLY,2007-09-26,BULLISH,BEARISH,pre_gfc_expansion,True,True,True,True,0.11267982180741876,-0.03584086069381742,,,,,,
XLY,2007-10-05,BEARISH,BULLISH,pre_gfc_expansion,False,True,False,False,-0.004980389790931072,-0.14993005783509772,,,,,,
XLY,2007-10-22,BULLISH,BEARISH,global_financial_crisis,False,False,True,True,0.1770793285664879,-0.009641936980050447,False,False,True,True,0.1770793285664879,-0.009641936980050447
XLY,2009-08-10,BEARISH,BULLISH,post_gfc_bull_qe,False,False,True,True,0.0945580738807077,-0.04569666411455864,False,False,True,True,0.0945580738807077,-0.04569666411455864
XLY,2016-02-16,BULLISH,BEARISH,late_cycle_pre_covid,False,True,False,False,-0.014829480706246567,-0.1311050959162059,False,True,False,False,-0.014829480706246567,-0.1311050959162059
XLY,2016-03-07,BEARISH,BULLISH,late_cycle_pre_covid,False,False,True,True,0.05840270368089806,-0.007854175997557333,False,False,True,True,0.05840270368089806,-0.007854175997557333
XLY,2019-01-03,BULLISH,BEARISH,late_cycle_pre_covid,False,True,False,False,-0.03309426251865455,-0.18332751728072605,False,True,False,False,-0.03309426251865455,-0.18332751728072605
XLY,2019-01-23,BEARISH,BULLISH,late_cycle_pre_covid,False,False,True,True,0.13562080521138076,0.0028460013207471935,False,False,True,True,0.13562080521138076,0.0028460013207471935
XLY,2020-03-19,BULLISH,BEARISH,covid_shock_recovery,False,False,False,False,0.029723615534839598,-0.4795202021622713,False,False,False,False,0.029723615534839598,-0.4795202021622713
XLY,2020-06-04,BEARISH,BULLISH,covid_shock_recovery,False,False,True,True,0.17709970852344603,-0.0323119585951952,False,False,True,True,0.17709970852344603,-0.0323119585951952
XLY,2022-05-02,BULLISH,BEARISH,inflation_rate_shock,False,False,True,True,0.18534443576590287,-0.026806198673670956,False,False,True,True,0.18534443576590287,-0.026806198673670956
XLY,2023-06-13,BEARISH,BULLISH,current_post_2022,False,False,True,True,0.07035651360684292,-0.01619348853996716,False,False,True,True,0.07035651360684292,-0.01619348853996716
XLY,2026-09-30,BULLISH,BEARISH,current_post_2022,,,,,,,,,,,,
XLU,2008-08-11,BULLISH,BEARISH,global_financial_crisis,False,False,True,True,0.308465020939963,-0.016230921954191624,False,False,True,True,0.308465020939963,-0.016230921954191624
XLU,2009-10-14,BEARISH,BULLISH,post_gfc_bull_qe,False,False,True,True,0.08889719969479737,-0.036784911513031426,False,False,True,True,0.08889719969479737,-0.036784911513031426
XLU,2015-09-17,BULLISH,BEARISH,post_gfc_bull_qe,False,True,False,True,0.01598765931959467,-0.0687798484823674,False,True,False,True,0.01598765931959467,-0.0687798484823674
XLU,2015-10-05,BEARISH,BULLISH,post_gfc_bull_qe,False,False,False,True,0.0337053151774791,-0.04828034678429982,False,False,False,True,0.0337053151774791,-0.04828034678429982
XLU,2018-02-15,BULLISH,BEARISH,late_cycle_pre_covid,False,False,False,False,0.017311357230263558,-0.04894789712610459,False,False,False,False,0.017311357230263558,-0.04894789712610459
XLU,2018-07-06,BEARISH,BULLISH,late_cycle_pre_covid,False,False,True,False,0.03009232774243853,-0.030844649843852046,False,False,True,False,0.03009232774243853,-0.030844649843852046
XLU,2020-04-08,BULLISH,BEARISH,covid_shock_recovery,False,False,True,True,0.05646414489687357,-0.08159769095589153,False,False,True,True,0.05646414489687357,-0.08159769095589153
XLU,2020-08-10,BEARISH,BULLISH,covid_shock_recovery,False,False,False,True,0.06241854021514204,-0.06261071570851173,False,False,False,True,0.06241854021514204,-0.06261071570851173
XLU,2022-10-31,BULLISH,BEARISH,inflation_rate_shock,False,False,False,False,0.015423714869877703,-0.08820002351979994,False,False,False,,,
XLU,2022-12-02,BEARISH,BULLISH,inflation_rate_shock,False,False,True,False,0.023088915613574068,-0.09259351753969103,False,,,,,
XLU,2023-03-01,BULLISH,BEARISH,current_post_2022,False,False,False,False,-0.003746588817922669,-0.10254541718559751,False,False,False,False,-0.003746588817922669,-0.10254541718559751
XLU,2023-04-28,BEARISH,BULLISH,current_post_2022,False,True,False,False,0.005508727801305069,-0.06726603132898046,False,True,False,False,0.005508727801305069,-0.06726603132898046
XLU,2023-05-22,BULLISH,BEARISH,current_post_2022,False,False,False,True,0.03936343039701973,-0.04356038338953083,False,False,False,True,0.03936343039701973,-0.04356038338953083
XLU,2024-04-05,BEARISH,BULLISH,current_post_2022,False,False,True,True,0.11832399579969821,-0.03667904157482249,False,False,True,True,0.11832399579969821,-0.03667904157482249
XLU,2026-09-24,BULLISH,BEARISH,current_post_2022,,,,,,,,,,,,
TLT,2006-04-13,BULLISH,BEARISH,pre_gfc_expansion,False,False,True,False,0.01734470584548753,-0.02476681069450204,False,False,True,False,0.01734470584548753,-0.02476681069450204
TLT,2006-09-06,BEARISH,BULLISH,pre_gfc_expansion,False,False,True,True,0.05922750552496314,0.001837641338647611,False,False,True,True,0.05922750552496314,0.001837641338647611
TLT,2007-06-28,BULLISH,BEARISH,pre_gfc_expansion,False,False,False,False,0.005922323014575848,-0.09230504478485702,False,False,False,False,0.005922323014575848,-0.09230504478485702
TLT,2007-07-31,BEARISH,BULLISH,pre_gfc_expansion,False,False,True,True,0.05073228665966334,-0.014189857056713162,False,False,True,,,
TLT,2009-06-09,BULLISH,BEARISH,post_gfc_bull_qe,False,False,False,False,0.015736670694870836,-0.09838218529511455,False,False,False,False,0.015736670694870836,-0.09838218529511455
TLT,2009-10-05,BEARISH,BULLISH,post_gfc_bull_qe,False,False,False,False,0.0017168788533890034,-0.09074304895971719,False,False,False,False,0.0017168788533890034,-0.09074304895971719
TLT,2009-11-10,BULLISH,BEARISH,post_gfc_bull_qe,False,True,False,True,0.041483551157187715,-0.03602447059661129,False,True,False,True,0.041483551157187715,-0.03602447059661129
TLT,2009-11-25,BEARISH,BULLISH,post_gfc_bull_qe,True,True,False,False,0.006143131386286305,-0.06912937995701729,True,True,False,False,0.006143131386286305,-0.06912937995701729
TLT,2009-12-09,BULLISH,BEARISH,post_gfc_bull_qe,False,False,True,True,0.04350325061676308,-0.0002152926833387525,False,False,True,True,0.04350325061676308,-0.0002152926833387525
TLT,2010-05-20,BEARISH,BULLISH,post_gfc_bull_qe,False,False,False,True,0.07666320404008453,-0.028243355785069313,False,False,False,True,0.07666320404008453,-0.028243355785069313
TLT,2011-01-12,BULLISH,BEARISH,post_gfc_bull_qe,False,False,True,True,0.033942639110164374,-0.03225253397891903,False,False,True,True,0.033942639110164374,-0.03225253397891903
TLT,2011-05-19,BEARISH,BULLISH,post_gfc_bull_qe,False,False,True,True,0.15626424368347203,-0.010257777915603783,False,False,True,True,0.15626424368347203,-0.010257777915603783
TLT,2013-03-14,BULLISH,BEARISH,post_gfc_bull_qe,False,True,False,True,0.01599747936075846,-0.08091794770626892,False,True,False,True,0.01599747936075846,-0.08091794770626892
TLT,2013-04-05,BEARISH,BULLISH,post_gfc_bull_qe,False,False,False,False,0.011835965070517318,-0.11765366334410354,False,False,False,False,0.011835965070517318,-0.11765366334410354
TLT,2013-06-07,BULLISH,BEARISH,post_gfc_bull_qe,False,False,True,True,0.09313512367442489,-0.008218233301210187,False,False,True,True,0.09313512367442489,-0.008218233301210187
TLT,2014-04-14,BEARISH,BULLISH,post_gfc_bull_qe,False,False,True,True,0.04163791029976971,-0.0043464900870299195,False,False,True,True,0.04163791029976971,-0.0043464900870299195
TLT,2016-11-30,BULLISH,BEARISH,late_cycle_pre_covid,False,False,True,False,0.026475352681462616,-0.024200775201257185,False,False,True,False,0.026475352681462616,-0.024200775201257185
TLT,2017-06-26,BEARISH,BULLISH,late_cycle_pre_covid,False,False,False,False,0.014315217387915746,-0.04121588276537391,False,False,False,False,0.014315217387915746,-0.04121588276537391
TLT,2018-02-13,BULLISH,BEARISH,late_cycle_pre_covid,False,False,False,False,0.018909257475536845,-0.02854747284165504,False,False,False,False,0.018909257475536845,-0.02854747284165504
TLT,2018-08-24,BEARISH,BULLISH,late_cycle_pre_covid,False,True,False,False,-0.005723900033791307,-0.07780022864498448,False,True,False,False,-0.005723900033791307,-0.07780022864498448
TLT,2018-09-13,BULLISH,BEARISH,late_cycle_pre_covid,False,False,True,False,0.05538693068585954,-0.005134678752827693,False,False,True,False,0.05538693068585954,-0.005134678752827693
TLT,2019-01-08,BEARISH,BULLISH,late_cycle_pre_covid,False,False,False,True,0.04680835502646552,-0.018533974174226975,False,False,False,True,0.04680835502646552,-0.018533974174226975
TLT,2021-02-08,BULLISH,BEARISH,post_covid_risk_on,False,False,True,True,0.09818978761250674,-0.007398170862160214,False,False,True,True,0.09818978761250674,-0.007398170862160214
TLT,2021-09-01,BEARISH,BULLISH,post_covid_risk_on,False,False,False,True,0.019477196248501638,-0.048293185365599456,False,False,False,True,0.019477196248501638,-0.048293185365599456
TLT,2021-10-12,BULLISH,BEARISH,post_covid_risk_on,False,True,False,True,0.009587023968669395,-0.074993667762141,False,True,False,,,
TLT,2021-11-09,BEARISH,BULLISH,post_covid_risk_on,False,False,False,False,0.023699229144874545,-0.07571653904614417,False,False,False,,,
TLT,2022-01-20,BULLISH,BEARISH,inflation_rate_shock,False,False,True,True,0.14991376795870903,-0.01190656253349287,False,False,True,True,0.14991376795870903,-0.01190656253349287
TLT,2024-08-08,BEARISH,BULLISH,current_post_2022,False,False,True,False,0.06651058675285881,-0.03757096255226311,False,False,True,False,0.06651058675285881,-0.03757096255226311
TLT,2024-12-18,BULLISH,BEARISH,current_post_2022,False,False,True,False,0.04340517720602699,-0.04522974728141271,False,False,True,False,0.04340517720602699,-0.04522974728141271
TLT,2025-09-23,BEARISH,BULLISH,current_post_2022,False,False,True,False,0.034263860254228895,-0.011702433844704707,False,False,True,False,0.034263860254228895,-0.011702433844704707
TLT,2026-05-15,BULLISH,BEARISH,current_post_2022,False,False,False,True,0.009341655087236056,-0.04941387763026972,False,False,False,True,0.009341655087236056,-0.04941387763026972
TLT,2026-06-30,BEARISH,BULLISH,current_post_2022,True,True,False,False,-0.0067594067603751196,-0.07034117501271919,True,True,False,False,-0.0067594067603751196,-0.07034117501271919
TLT,2026-07-07,BULLISH,BEARISH,current_post_2022,False,False,True,True,0.07282598790258887,0.0003549306876159397,False,False,True,True,0.07282598790258887,0.0003549306876159397
GLD,2008-10-23,BULLISH,BEARISH,global_financial_crisis,False,False,False,False,0.009200304484647592,-0.22462837614199294,False,False,False,False,0.009200304484647592,-0.22462837614199294
GLD,2009-01-27,BEARISH,BULLISH,global_financial_crisis,False,False,True,True,0.10658526919082378,-0.03575465185469484,False,False,True,,,
GLD,2012-06-21,BULLISH,BEARISH,post_gfc_bull_qe,False,False,False,False,0.006380747226954586,-0.130114446937166,False,False,False,False,0.006380747226954586,-0.130114446937166
GLD,2012-08-31,BEARISH,BULLISH,post_gfc_bull_qe,False,False,True,True,0.05717938935482514,-0.00986478568472493,False,False,True,True,0.05717938935482514,-0.00986478568472493
GLD,2013-02-25,BULLISH,BEARISH,post_gfc_bull_qe,False,False,False,True,0.15077095740450697,-0.0123752993872559,False,False,False,True,0.15077095740450697,-0.0123752993872559
GLD,2016-03-04,BEARISH,BULLISH,late_cycle_pre_covid,False,False,False,False,0.025800568995606676,-0.04081631103017136,False,False,False,False,0.025800568995606676,-0.04081631103017136
GLD,2016-12-06,BULLISH,BEARISH,late_cycle_pre_covid,False,False,False,False,0.03670469313545521,-0.07421696688878399,False,False,False,False,0.03670469313545521,-0.07421696688878399
GLD,2017-04-17,BEARISH,BULLISH,late_cycle_pre_covid,False,False,False,False,0.0070353454301430585,-0.056937166280297435,False,False,False,False,0.0070353454301430585,-0.056937166280297435
GLD,2018-07-02,BULLISH,BEARISH,late_cycle_pre_covid,False,False,True,True,0.05414609790502123,-0.014387897621137125,False,False,True,True,0.05414609790502123,-0.014387897621137125
GLD,2019-01-25,BEARISH,BULLISH,late_cycle_pre_covid,False,False,True,False,0.031255057128553254,-0.022301789436412034,False,False,True,False,0.031255057128553254,-0.022301789436412034
GLD,2021-03-31,BULLISH,BEARISH,post_covid_risk_on,False,False,False,False,-0.012253009332414688,-0.11759187777630342,False,False,False,False,-0.012253009332414688,-0.11759187777630342
GLD,2021-05-11,BEARISH,BULLISH,post_covid_risk_on,False,False,True,False,0.03851519057929775,-0.04246542107884621,False,False,True,False,0.03851519057929775,-0.04246542107884621
GLD,2021-09-21,BULLISH,BEARISH,post_covid_risk_on,False,False,True,False,0.02842680169096501,-0.05095162042850876,False,False,True,False,0.02842680169096501,-0.05095162042850876
GLD,2021-11-15,BEARISH,BULLISH,post_covid_risk_on,False,True,False,False,0.0018372220557754115,-0.051326142832363586,False,True,False,,,
GLD,2021-12-14,BULLISH,BEARISH,post_covid_risk_on,True,True,False,False,-0.004291534360497673,-0.15757973694822036,True,,,,,
GLD,2021-12-28,BEARISH,BULLISH,post_covid_risk_on,False,False,True,True,0.13561429791247592,-0.009784119440560568,,,,,,
GLD,2022-07-11,BULLISH,BEARISH,inflation_rate_shock,False,False,False,True,0.06318526550842407,-0.039893469203956755,False,False,False,True,0.06318526550842407,-0.039893469203956755
GLD,2023-01-13,BEARISH,BULLISH,current_post_2022,False,False,False,True,0.05157754253763147,-0.058234441279993554,False,False,False,True,0.05157754253763147,-0.058234441279993554
