label,symbols,transition_count,valid_transitions,median_state_duration,false_reversal_rate_10,false_reversal_10_eligible,false_reversal_10_count,false_reversal_rate_20,false_reversal_20_eligible,false_reversal_20_count,directional_consistency_20,directional_consistency_20_eligible,directional_consistency_20_count,directional_consistency_60,directional_consistency_60_eligible,directional_consistency_60_count,mfe_60_median,mae_60_median,false_reversal_rate_10_symbol_median,false_reversal_rate_20_symbol_median,directional_consistency_20_symbol_median,directional_consistency_60_symbol_median,mfe_60_median_symbol_median,mae_60_median_symbol_median,scope,delay,state_agreement,transition_jaccard_3
delay_0,13,235,233,142.5,0.055793991416309016,233,13,0.13304721030042918,233,31,0.51931330472103,233,121,0.4978540772532189,233,116,0.0526991478306178,-0.05095162042850876,0.05555555555555555,0.14285714285714285,0.5,0.5,0.053141462681445706,-0.04844495301870566,full,0,1.0,1.0
delay_1,13,234,232,143,0.055793991416309016,233,13,0.13304721030042918,233,31,0.5450643776824035,233,127,0.5172413793103449,232,120,0.04955137286846323,-0.05286755444101898,0.05555555555555555,0.14285714285714285,0.5454545454545454,0.53125,0.05829894301365318,-0.04499032236499351,full,1,0.9966847243383556,0.9957446808510638
delay_2,13,234,232,143,0.055793991416309016,233,13,0.13304721030042918,233,31,0.4892703862660944,233,114,0.4870689655172414,232,113,0.051798344307333266,-0.055138874474728594,0.05555555555555555,0.14285714285714285,0.5,0.5,0.058042246239338624,-0.05481169511024586,full,2,0.9933834628895504,0.9957446808510638
delay_3,13,235,233,143,0.05555555555555555,234,13,0.13247863247863248,234,31,0.5,234,117,0.47639484978540775,233,111,0.04794766774941106,-0.05916110588440682,0.05555555555555555,0.14285714285714285,0.5,0.5,0.05241301457773928,-0.05680888819056451,full,3,0.9900821082926554,0.9915254237288136
delay_0,13,151,150,163.0,0.059602649006622516,151,9,0.1456953642384106,151,22,0.5298013245033113,151,80,0.5,150,75,0.05253608511120622,-0.04940498059335263,0.045454545454545456,0.14285714285714285,0.5,0.5,0.0528996751192099,-0.042532629148665624,selection,0,1.0,1.0
delay_1,13,151,150,163.0,0.059602649006622516,151,9,0.1456953642384106,151,22,0.5827814569536424,151,88,0.5133333333333333,150,77,0.04905193686993159,-0.05374042634315668,0.045454545454545456,0.14285714285714285,0.6,0.5,0.05184634691624668,-0.04513476158617391,selection,1,0.9969088415320682,1.0
delay_2,13,151,150,163.0,0.059602649006622516,151,9,0.1456953642384106,151,22,0.5364238410596026,151,81,0.49333333333333335,150,74,0.05108620709220313,-0.052808924653693745,0.045454545454545456,0.14285714285714285,0.5,0.5,0.04908174862381404,-0.06520090836349374,selection,2,0.9938175565018015,1.0
delay_3,13,152,150,163.0,0.05921052631578947,152,9,0.14473684210526316,152,22,0.5263157894736842,152,80,0.4866666666666667,150,73,0.04930491906638795,-0.05597921441872611,0.045454545454545456,0.14285714285714285,0.5,0.5,0.048286509069783545,-0.05550531030638067,selection,3,0.9907261449014269,0.993421052631579
delay_0,13,84,82,108,0.04878048780487805,82,4,0.10975609756097561,82,9,0.5,82,41,0.4878048780487805,82,40,0.05270400590198504,-0.05478029205617857,0.0,0.0,0.5,0.5,0.052590681148827756,-0.05178425664404468,out_of_sample,0,1.0,1.0
delay_1,13,83,81,117.5,0.04878048780487805,82,4,0.10975609756097561,82,9,0.47560975609756095,82,39,0.5185185185185185,81,42,0.05334131234852335,-0.05242978824422262,0.0,0.0,0.5,0.5,0.04848291688096901,-0.051549803081393786,out_of_sample,1,0.9961878829135467,0.9880952380952381
delay_2,13,83,81,117.5,0.04878048780487805,82,4,0.10975609756097561,82,9,0.4024390243902439,82,33,0.4691358024691358,81,38,0.05226967671474991,-0.0575038836310644,0.0,0.0,0.5,0.5,0.04127337020696181,-0.05617055185537423,out_of_sample,2,0.9924211481733606,0.9880952380952381
delay_3,13,83,81,117.5,0.04878048780487805,82,4,0.10975609756097561,82,9,0.45121951219512196,82,37,0.4567901234567901,81,37,0.04657173031859574,-0.05933073574311876,0.0,0.0,0.5,0.5,0.04946318960688478,-0.052476838472305276,out_of_sample,3,0.9886544134331745,0.9880952380952381
