evaluated_days,transitions,transition_rate_per_252,persistence_count,persistence_mean,persistence_median,persistence_p25,persistence_p75,eligible_false_reversal_5,false_reversal_rate_5,eligible_false_reversal_10,false_reversal_rate_10,eligible_false_reversal_20,false_reversal_rate_20,eligible_directional_5,directional_consistency_5,eligible_directional_10,directional_consistency_10,eligible_directional_20,directional_consistency_20,mfe_20_mean,mfe_20_median,mae_20_mean,mae_20_median,eligible_directional_60,directional_consistency_60,mfe_60_mean,mfe_60_median,mae_60_mean,mae_60_median,false_reversal_10_count,false_reversal_20_count,directional_consistency_20_count,directional_consistency_60_count,scope,symbol,valid_transitions,median_state_duration
5470,16,0.737111517367459,17,321.7647058823529,221,46.0,508.0,16,0.0625,16,0.0625,16,0.1875,16,0.3125,16,0.375,16,0.375,0.020178302635915878,0.016608057755930106,-0.05143906253884125,-0.045877812299291054,16,0.375,0.0489482816612954,0.052338293699806915,-0.08975010164343984,-0.08370344814339703,1,3,6,6,full,SPY,16,221
5470,12,0.5528336380255942,13,420.7692307692308,261,66.0,694.0,12,0.0,12,0.0,12,0.0,12,0.4166666666666667,12,0.75,12,0.5833333333333334,0.0329555859620308,0.024933711174353834,-0.035271047796208765,-0.0254357046098016,12,0.5,0.08684406493751386,0.07342016340274587,-0.0704264167185827,-0.04844495301870566,0,0,7,6,full,QQQ,12,261
5470,20,0.9213893967093236,21,260.4761904761905,106,63.0,380.0,20,0.0,20,0.05,20,0.15,20,0.6,20,0.35,20,0.5,0.053198190709133814,0.04049849701212138,-0.03460924014982735,-0.03442016533619485,20,0.5,0.07898428964993076,0.06564672551981732,-0.08581925803775795,-0.06281064761504374,1,3,10,10,full,IWM,20,106
5470,16,0.737111517367459,17,321.7647058823529,270,40.0,518.0,16,0.0,16,0.125,16,0.1875,16,0.625,16,0.375,16,0.6875,0.030412398031290297,0.03618372482175125,-0.04743523675216746,-0.02792668907011664,16,0.5,0.06483136383345342,0.05660699522700696,-0.08548855820115421,-0.06528973642471037,2,3,11,8,full,XLK,16,270
5470,22,1.013528336380256,23,237.82608695652175,155,55.0,304.0,22,0.0,22,0.045454545454545456,22,0.13636363636363635,22,0.45454545454545453,22,0.45454545454545453,22,0.45454545454545453,0.04258489720820924,0.03268716960724627,-0.0521275038263776,-0.05398825877293528,22,0.36363636363636365,0.0654130536005897,0.053141462681445706,-0.09243487111075424,-0.08096374916865612,1,3,10,8,full,XLF,22,155
5470,18,0.8292504570383912,19,287.89473684210526,226,81.0,342.5,18,0.0,18,0.1111111111111111,18,0.1111111111111111,18,0.5555555555555556,18,0.4444444444444444,18,0.6666666666666666,0.06944716220543844,0.04822401078071409,-0.043408167509048724,-0.02043927591974748,18,0.6666666666666666,0.10596634333468648,0.07354365603761276,-0.06452088200458295,-0.037966476067803345,2,2,12,12,full,XLE,18,226
5470,18,0.8292504570383912,19,287.89473684210526,151,46.5,314.5,18,0.05555555555555555,18,0.05555555555555555,18,0.05555555555555555,18,0.3888888888888889,18,0.5,18,0.6111111111111112,0.02972418327237153,0.025445834108824783,-0.023740777941332256,-0.020553333380889494,18,0.5555555555555556,0.0484570736328275,0.0528996751192099,-0.05304300931228165,-0.031165395081888925,1,1,11,10,full,XLV,18,151
5470,16,0.737111517367459,17,321.7647058823529,138,56.0,488.0,16,0.0,16,0.0,16,0.0,16,0.5625,16,0.4375,16,0.625,0.048511096195747616,0.04048882911727453,-0.02863053318820656,-0.02806300448629051,16,0.375,0.06736195212781457,0.05723791961519692,-0.08481009963694895,-0.06880399757160133,0,0,10,6,full,XLI,16,138
5470,14,0.6449725776965265,15,364.6666666666667,180,38.5,428.0,14,0.0,14,0.07142857142857142,14,0.14285714285714285,14,0.42857142857142855,14,0.5,14,0.42857142857142855,0.026039867506254342,0.0194183796886484,-0.03059540961033554,-0.019841555992258175,14,0.5714285714285714,0.046474647179945414,0.039038348427754666,-0.05548974306950492,-0.04656500241539879,1,2,6,8,full,XLP,14,180
5470,17,0.7831809872029251,18,303.8888888888889,182.0,16.75,412.5,16,0.0,16,0.0625,16,0.25,16,0.3125,16,0.4375,16,0.5625,0.03449586853365472,0.026401187806005977,-0.05011545438578239,-0.03407640964450631,16,0.625,0.0714930900088826,0.06437960864387049,-0.0867964175324164,-0.03407640964450631,1,4,9,10,full,XLY,16,182.0
5470,15,0.6910420475319926,16,341.875,158.0,36.5,569.75,14,0.0,14,0.0,14,0.14285714285714285,14,0.5,14,0.5,14,0.42857142857142855,0.023135414940763686,0.020200136421918813,-0.03646466228061225,-0.03673197654392696,14,0.5714285714285714,0.05795026863429314,0.031898821459958815,-0.058922956921905176,-0.05577930641730816,0,2,6,8,full,XLU,14,158.0
5470,33,1.520292504570384,34,160.88235294117646,96.0,28.5,182.75,33,0.030303030303030304,33,0.06060606060606061,33,0.18181818181818182,33,0.42424242424242425,33,0.5454545454545454,33,0.48484848484848486,0.021293121714451375,0.018909257475536845,-0.022585067547381796,-0.014189857056713162,33,0.5151515151515151,0.040845846896716755,0.033942639110164374,-0.040407662254274085,-0.03225253397891903,2,6,16,17,full,TLT,33,96.0
5245,18,0.8648236415633938,19,276.05263157894734,130,57.0,427.0,18,0.0,18,0.05555555555555555,18,0.1111111111111111,18,0.6111111111111112,18,0.5555555555555556,18,0.3888888888888889,0.021876919610946115,0.015844155502683976,-0.02628692287453222,-0.02387674677660445,18,0.3888888888888889,0.04375945593601082,0.033979875132004234,-0.06384580668063276,-0.046708520753677485,1,2,7,7,full,GLD,18,130
3775,12,0.8010596026490067,13,290.38461538461536,61,35.0,508.0,12,0.08333333333333333,12,0.08333333333333333,12,0.25,12,0.25,12,0.4166666666666667,12,0.3333333333333333,0.021056359651623575,0.018630210768580235,-0.04234482427097749,-0.04122628127287847,12,0.3333333333333333,0.04480489095503532,0.03987309316442339,-0.07804988931011915,-0.08370344814339703,1,3,4,4,selection,SPY,12,61
3775,10,0.6675496688741722,11,343.1818181818182,221,51.5,356.0,10,0.0,10,0.0,10,0.0,10,0.5,10,0.7,10,0.5,0.027916084604219772,0.024933711174353834,-0.03552021450997337,-0.020858585832397025,10,0.4,0.07361137806966263,0.06414983799915663,-0.07770665721682209,-0.07424484656776242,0,0,5,4,selection,QQQ,10,221
3775,12,0.8010596026490067,13,290.38461538461536,94,45.0,512.0,12,0.0,12,0.08333333333333333,12,0.25,12,0.6666666666666666,12,0.25,12,0.5833333333333334,0.052830995650578756,0.04299190109295309,-0.03314027066788602,-0.03851536509608716,11,0.45454545454545453,0.07404762586766828,0.07494820066016783,-0.06595645923143102,-0.06203919383960477,1,3,7,5,selection,IWM,11,94
3775,12,0.8010596026490067,13,290.38461538461536,216,40.0,371.0,12,0.0,12,0.16666666666666666,12,0.25,12,0.5833333333333334,12,0.3333333333333333,12,0.6666666666666666,0.028335502558763603,0.028243079598130105,-0.04044279878446876,-0.02164121431881394,12,0.5,0.04805267220512014,0.05119169319421646,-0.07560270045911675,-0.06528973642471037,2,3,8,6,selection,XLK,12,216
3775,14,0.9345695364238411,15,251.66666666666666,155,55.0,373.5,14,0.0,14,0.07142857142857142,14,0.14285714285714285,14,0.5714285714285714,14,0.5,14,0.42857142857142855,0.04446194035464997,0.027491141114440842,-0.04086007014623316,-0.0506769780197911,14,0.42857142857142855,0.06742290647830335,0.053141462681445706,-0.0741135856371393,-0.07232331383190299,1,2,6,6,selection,XLF,14,155
3775,15,1.0013245033112583,16,235.9375,202.0,66.5,275.75,15,0.0,15,0.13333333333333333,15,0.13333333333333333,15,0.6,15,0.4666666666666667,15,0.6666666666666666,0.0684873546053695,0.048236918191476574,-0.04417658777091768,-0.017789645967360324,15,0.6666666666666666,0.11087289675347088,0.08302365279194734,-0.0651605071746353,-0.03841465813959399,2,2,10,10,selection,XLE,15,202.0
3775,10,0.6675496688741722,11,343.1818181818182,228,55.0,383.0,10,0.0,10,0.0,10,0.0,10,0.4,10,0.6,10,0.6,0.031085132879782273,0.025445834108824783,-0.01786180486139779,-0.019349329599263554,10,0.6,0.047399589843778664,0.0528996751192099,-0.045153946870226704,-0.026116013458684417,0,0,6,6,selection,XLV,10,228
3775,12,0.8010596026490067,13,290.38461538461536,91,55.0,488.0,12,0.0,12,0.0,12,0.0,12,0.5,12,0.5,12,0.6666666666666666,0.04284104161616142,0.03619973942930127,-0.022863010157962643,-0.016171670192264398,12,0.3333333333333333,0.05802547726049532,0.05690651400727409,-0.07650775152751005,-0.08167744349439587,0,0,8,4,selection,XLI,12,91
3775,4,0.2670198675496689,5,755,344,208.0,952.0,4,0.0,4,0.0,4,0.0,4,0.5,4,0.75,4,0.75,0.05153327289811588,0.05195531838087869,-0.012371762044831924,-0.01108503821789214,4,1.0,0.07983451374485173,0.08261299492044744,-0.01806401276149247,-0.01108503821789214,0,0,3,4,selection,XLP,4,344
3775,12,0.8010596026490067,13,290.38461538461536,162,14.0,257.0,12,0.0,12,0.08333333333333333,12,0.3333333333333333,12,0.3333333333333333,12,0.3333333333333333,12,0.5,0.021781599511098804,0.01544437621183542,-0.03972396370574466,-0.04076876240418803,12,0.5833333333333334,0.056780430559257515,0.037981569558924344,-0.06949256937896314,-0.04076876240418803,1,4,6,7,selection,XLY,12,162
3775,6,0.40052980132450333,7,539.2857142857143,375,197.0,751.5,6,0.0,6,0.0,6,0.16666666666666666,6,0.6666666666666666,6,0.5,6,0.5,0.02633990880852699,0.021428259419881746,-0.027740605519322115,-0.025087941174077033,6,0.6666666666666666,0.08240981335075603,0.031898821459958815,-0.04164476261730782,-0.042532629148665624,0,1,3,4,selection,XLU,6,375
3775,22,1.4686092715231789,23,164.1304347826087,111,35.0,208.5,22,0.0,22,0.045454545454545456,22,0.18181818181818182,22,0.3181818181818182,22,0.5,22,0.45454545454545453,0.017148409660187092,0.01440157065684683,-0.024834965739135816,-0.014794631389243695,22,0.5,0.03761173100981032,0.030208995895813495,-0.040965521053988804,-0.028395414313362177,1,4,10,11,selection,TLT,22,111
3550,10,0.7098591549295775,11,322.72727272727275,192,103.5,519.5,10,0.0,10,0.0,10,0.0,10,0.6,10,0.6,10,0.4,0.028090784829689554,0.01431350442508228,-0.023518711992152053,-0.013381598504196512,10,0.4,0.04850584302565375,0.033979875132004234,-0.06213976912626366,-0.0382854814424331,0,0,4,4,selection,GLD,10,192
1695,4,0.5946902654867257,5,339,221,57.0,492.0,4,0.0,4,0.0,4,0.0,4,0.5,4,0.25,4,0.5,0.017544131588792783,0.009532440187961178,-0.07872177734243255,-0.07080476236165584,4,0.5,0.061378453780075615,0.07357704373413876,-0.12485073864340193,-0.08899180569436332,0,0,2,2,out_of_sample,SPY,4,221
1695,2,0.2973451327433628,3,565,583,412.5,726.5,2,0.0,2,0.0,2,0.0,2,0.0,2,1.0,2,1.0,0.05815309275108593,0.05815309275108593,-0.03402521422738575,-0.03402521422738575,2,1.0,0.15300749927677,0.15300749927677,-0.03402521422738575,-0.03402521422738575,0,0,2,2,out_of_sample,QQQ,2,583
1695,8,1.1893805309734513,9,188.33333333333334,106,57.0,322.0,8,0.0,8,0.0,8,0.0,8,0.5,8,0.5,8,0.375,0.053748983296966396,0.04049849701212138,-0.03681269437273936,-0.03162731005396929,8,0.5,0.08460201907019964,0.053761781950062204,-0.12314644043948537,-0.09111848390053401,0,0,3,4,out_of_sample,IWM,8,106
1695,4,0.5946902654867257,5,339,344,213.0,518.0,4,0.0,4,0.0,4,0.0,4,0.75,4,0.5,4,0.75,0.03664308444887038,0.04415568780483092,-0.06841255065526355,-0.06186439234480845,4,0.5,0.11516743871845328,0.10333606236152248,-0.11514613142726657,-0.07830277808928221,0,0,3,2,out_of_sample,XLK,4,344
1695,8,1.1893805309734513,9,188.33333333333334,85,52.0,170.0,8,0.0,8,0.0,8,0.125,8,0.25,8,0.375,8,0.5,0.03930007170193796,0.042238906548956234,-0.07184551276663036,-0.06323634361152136,8,0.25,0.061895811064590814,0.052590681148827756,-0.12449712068958038,-0.08564294201892947,0,1,4,2,out_of_sample,XLF,8,85
1695,3,0.44601769911504424,4,423.75,276.0,229.25,470.5,3,0.0,3,0.0,3,0.0,3,0.3333333333333333,3,0.3333333333333333,3,0.6666666666666666,0.0742462002057831,0.030350041724854337,-0.039566066199703966,-0.023088905872134635,3,0.6666666666666666,0.08143357624076446,0.04018438766647359,-0.06132275615432118,-0.03668203674057924,0,0,2,2,out_of_sample,XLE,3,276.0
1695,8,1.1893805309734513,9,188.33333333333334,127,30.0,244.0,8,0.125,8,0.125,8,0.125,8,0.375,8,0.375,8,0.625,0.0280229962631081,0.030543724226431257,-0.03108949429125034,-0.025602715004094,8,0.5,0.04977892836913855,0.051053168195455634,-0.06290433736485034,-0.049219988266483994,1,1,5,4,out_of_sample,XLV,8,127
1695,4,0.5946902654867257,5,339,138,108.0,438.0,4,0.0,4,0.0,4,0.0,4,0.75,4,0.25,4,0.5,0.06552125993450622,0.04920189172484857,-0.04593310227893832,-0.04343815894040176,4,0.5,0.0953713767297723,0.10107086214370004,-0.10971714396526566,-0.05178425664404468,0,0,2,2,out_of_sample,XLI,4,138
1695,10,1.4867256637168142,11,154.0909090909091,64,26.5,196.0,10,0.0,10,0.1,10,0.2,10,0.4,10,0.4,10,0.3,0.015842505349509726,0.012859474797188353,-0.037884868636536985,-0.048475882351736777,10,0.4,0.033130700553982886,0.020664954088933207,-0.0704600351927099,-0.05560138178476126,1,2,3,4,out_of_sample,XLP,10,64
1695,5,0.7433628318584071,6,282.5,166.5,53.0,430.75,4,0.0,4,0.0,4,0.0,4,0.25,4,0.75,4,0.75,0.07263867560132245,0.04739485677625743,-0.08128992642589558,-0.029559078634433078,4,0.75,0.11563106835775785,0.12372811106514447,-0.13870796199277616,-0.029559078634433078,0,0,3,3,out_of_sample,XLY,4,166.5
1695,9,1.3380530973451328,10,169.5,63.0,27.5,185.5,8,0.0,8,0.0,8,0.125,8,0.375,8,0.5,8,0.375,0.020732044539941208,0.019256315241725885,-0.043007704851579856,-0.04717287788395813,8,0.5,0.039605610096945965,0.031226173005296898,-0.07188160265035319,-0.074431861142436,0,1,3,4,out_of_sample,XLU,8,63.0
1695,11,1.6353982300884955,12,141.25,76.5,29.5,168.75,11,0.09090909090909091,11,0.09090909090909091,11,0.18181818181818182,11,0.6363636363636364,11,0.6363636363636364,11,0.5454545454545454,0.029582545822979943,0.027202921553469595,-0.01808527116387376,-0.01190656253349287,11,0.5454545454545454,0.04731407867052962,0.034263860254228895,-0.03929194465484465,-0.04522974728141271,1,2,6,6,out_of_sample,TLT,11,76.5
1695,8,1.1893805309734513,9,188.33333333333334,92,28.0,133.0,8,0.0,8,0.125,8,0.25,8,0.625,8,0.5,8,0.375,0.01410958808751682,0.018639320948156513,-0.02974718647750743,-0.03424824597531273,8,0.375,0.03782647207395716,0.03347099613513138,-0.06597835362359415,-0.05113888163043617,1,2,3,3,out_of_sample,GLD,8,92
