split,symbol,family,candidate_a,candidate_b,common_evaluated_dates,state_agreement,transitions_a,transitions_b,transition_match_count,transition_jaccard_3
out_of_sample,GLD,ewmac,ewmac_16_64,ewmac_32_128,1695,0.8631268436578171,27,13,3,0.08108108108108109
out_of_sample,GLD,ewmac,ewmac_16_64,ewmac_64_256,1695,0.7392330383480826,27,8,2,0.06060606060606061
out_of_sample,GLD,ewmac,ewmac_16_64,ewmac_8_32,1695,0.848377581120944,27,55,9,0.1232876712328767
out_of_sample,GLD,ewmac,ewmac_32_128,ewmac_64_256,1695,0.8324483775811209,13,8,2,0.10526315789473684
out_of_sample,GLD,ewmac,ewmac_32_128,ewmac_8_32,1695,0.7374631268436578,13,55,1,0.014925373134328358
out_of_sample,GLD,ewmac,ewmac_64_256,ewmac_8_32,1695,0.6383480825958702,8,55,2,0.03278688524590164
out_of_sample,GLD,tsmom,tsmom_126,tsmom_21,1695,0.6247787610619469,39,179,13,0.06341463414634146
out_of_sample,GLD,tsmom,tsmom_126,tsmom_252,1695,0.7899705014749262,39,34,4,0.057971014492753624
out_of_sample,GLD,tsmom,tsmom_126,tsmom_63,1695,0.7787610619469026,39,54,11,0.13414634146341464
out_of_sample,GLD,tsmom,tsmom_21,tsmom_252,1695,0.6182890855457227,179,34,8,0.03902439024390244
out_of_sample,GLD,tsmom,tsmom_21,tsmom_63,1695,0.7067846607669617,179,54,20,0.09389671361502347
out_of_sample,GLD,tsmom,tsmom_252,tsmom_63,1695,0.7309734513274336,34,54,4,0.047619047619047616
out_of_sample,IWM,ewmac,ewmac_16_64,ewmac_32_128,1695,0.831858407079646,33,12,0,0.0
out_of_sample,IWM,ewmac,ewmac_16_64,ewmac_64_256,1695,0.7351032448377581,33,8,0,0.0
out_of_sample,IWM,ewmac,ewmac_16_64,ewmac_8_32,1695,0.8507374631268436,33,65,14,0.16666666666666666
out_of_sample,IWM,ewmac,ewmac_32_128,ewmac_64_256,1695,0.896165191740413,12,8,0,0.0
out_of_sample,IWM,ewmac,ewmac_32_128,ewmac_8_32,1695,0.712094395280236,12,65,2,0.02666666666666667
out_of_sample,IWM,ewmac,ewmac_64_256,ewmac_8_32,1695,0.6188790560471976,8,65,0,0.0
out_of_sample,IWM,tsmom,tsmom_126,tsmom_21,1695,0.6383480825958702,84,167,31,0.1409090909090909
out_of_sample,IWM,tsmom,tsmom_126,tsmom_252,1695,0.8129793510324483,84,54,12,0.09523809523809523
out_of_sample,IWM,tsmom,tsmom_126,tsmom_63,1695,0.7752212389380531,84,105,22,0.1317365269461078
out_of_sample,IWM,tsmom,tsmom_21,tsmom_252,1695,0.631858407079646,167,54,15,0.07281553398058252
out_of_sample,IWM,tsmom,tsmom_21,tsmom_63,1695,0.7132743362831858,167,105,33,0.13807531380753138
out_of_sample,IWM,tsmom,tsmom_252,tsmom_63,1695,0.7533923303834809,54,105,7,0.046052631578947366
out_of_sample,QQQ,ewmac,ewmac_16_64,ewmac_32_128,1695,0.9079646017699115,28,8,2,0.058823529411764705
out_of_sample,QQQ,ewmac,ewmac_16_64,ewmac_64_256,1695,0.8094395280235989,28,2,0,0.0
out_of_sample,QQQ,ewmac,ewmac_16_64,ewmac_8_32,1695,0.8654867256637168,28,52,13,0.19402985074626866
out_of_sample,QQQ,ewmac,ewmac_32_128,ewmac_64_256,1695,0.8884955752212389,8,2,0,0.0
out_of_sample,QQQ,ewmac,ewmac_32_128,ewmac_8_32,1695,0.7793510324483776,8,52,1,0.01694915254237288
out_of_sample,QQQ,ewmac,ewmac_64_256,ewmac_8_32,1695,0.7197640117994101,2,52,0,0.0
out_of_sample,QQQ,tsmom,tsmom_126,tsmom_21,1695,0.7168141592920354,28,140,8,0.05
out_of_sample,QQQ,tsmom,tsmom_126,tsmom_252,1695,0.9126843657817109,28,16,2,0.047619047619047616
out_of_sample,QQQ,tsmom,tsmom_126,tsmom_63,1695,0.8383480825958702,28,57,3,0.036585365853658534
out_of_sample,QQQ,tsmom,tsmom_21,tsmom_252,1695,0.6696165191740413,140,16,5,0.033112582781456956
out_of_sample,QQQ,tsmom,tsmom_21,tsmom_63,1695,0.7480825958702065,140,57,18,0.1005586592178771
out_of_sample,QQQ,tsmom,tsmom_252,tsmom_63,1695,0.7592920353982301,16,57,0,0.0
out_of_sample,SPY,ewmac,ewmac_16_64,ewmac_32_128,1695,0.8890855457227138,20,12,2,0.06666666666666667
out_of_sample,SPY,ewmac,ewmac_16_64,ewmac_64_256,1695,0.815929203539823,20,4,0,0.0
out_of_sample,SPY,ewmac,ewmac_16_64,ewmac_8_32,1695,0.8749262536873156,20,46,7,0.11864406779661017
out_of_sample,SPY,ewmac,ewmac_32_128,ewmac_64_256,1695,0.896165191740413,12,4,1,0.06666666666666667
out_of_sample,SPY,ewmac,ewmac_32_128,ewmac_8_32,1695,0.7828908554572271,12,46,3,0.05454545454545454
out_of_sample,SPY,ewmac,ewmac_64_256,ewmac_8_32,1695,0.7380530973451327,4,46,0,0.0
out_of_sample,SPY,tsmom,tsmom_126,tsmom_21,1695,0.7091445427728613,56,143,8,0.041884816753926704
out_of_sample,SPY,tsmom,tsmom_126,tsmom_252,1695,0.8584070796460177,56,20,1,0.013333333333333334
out_of_sample,SPY,tsmom,tsmom_126,tsmom_63,1695,0.8584070796460177,56,52,13,0.1368421052631579
out_of_sample,SPY,tsmom,tsmom_21,tsmom_252,1695,0.696165191740413,143,20,5,0.03164556962025317
out_of_sample,SPY,tsmom,tsmom_21,tsmom_63,1695,0.7693215339233038,143,52,21,0.1206896551724138
out_of_sample,SPY,tsmom,tsmom_252,tsmom_63,1695,0.7946902654867256,20,52,6,0.09090909090909091
out_of_sample,TLT,ewmac,ewmac_16_64,ewmac_32_128,1695,0.8035398230088495,34,19,3,0.06
out_of_sample,TLT,ewmac,ewmac_16_64,ewmac_64_256,1695,0.6336283185840708,34,11,2,0.046511627906976744
out_of_sample,TLT,ewmac,ewmac_16_64,ewmac_8_32,1695,0.8389380530973451,34,70,12,0.13043478260869565
out_of_sample,TLT,ewmac,ewmac_32_128,ewmac_64_256,1695,0.7958702064896755,19,11,2,0.07142857142857142
out_of_sample,TLT,ewmac,ewmac_32_128,ewmac_8_32,1695,0.6731563421828909,19,70,6,0.07228915662650602
out_of_sample,TLT,ewmac,ewmac_64_256,ewmac_8_32,1695,0.5492625368731563,11,70,2,0.02531645569620253
out_of_sample,TLT,tsmom,tsmom_126,tsmom_21,1695,0.6200589970501474,83,184,30,0.12658227848101267
out_of_sample,TLT,tsmom,tsmom_126,tsmom_252,1695,0.6672566371681415,83,47,4,0.031746031746031744
out_of_sample,TLT,tsmom,tsmom_126,tsmom_63,1695,0.6884955752212389,83,122,18,0.0962566844919786
out_of_sample,TLT,tsmom,tsmom_21,tsmom_252,1695,0.5433628318584071,184,47,14,0.06451612903225806
out_of_sample,TLT,tsmom,tsmom_21,tsmom_63,1695,0.6837758112094395,184,122,42,0.1590909090909091
out_of_sample,TLT,tsmom,tsmom_252,tsmom_63,1695,0.6141592920353982,47,122,13,0.08333333333333333
out_of_sample,XLE,ewmac,ewmac_16_64,ewmac_32_128,1695,0.8365781710914454,30,18,8,0.2
out_of_sample,XLE,ewmac,ewmac_16_64,ewmac_64_256,1695,0.695575221238938,30,3,0,0.0
out_of_sample,XLE,ewmac,ewmac_16_64,ewmac_8_32,1695,0.8188790560471977,30,85,14,0.13861386138613863
out_of_sample,XLE,ewmac,ewmac_32_128,ewmac_64_256,1695,0.8377581120943953,18,3,0,0.0
out_of_sample,XLE,ewmac,ewmac_32_128,ewmac_8_32,1695,0.6896755162241888,18,85,5,0.05102040816326531
out_of_sample,XLE,ewmac,ewmac_64_256,ewmac_8_32,1695,0.6218289085545723,3,85,1,0.011494252873563218
out_of_sample,XLE,tsmom,tsmom_126,tsmom_21,1695,0.6117994100294986,76,157,22,0.10426540284360189
out_of_sample,XLE,tsmom,tsmom_126,tsmom_252,1695,0.8064896755162242,76,40,11,0.10476190476190476
out_of_sample,XLE,tsmom,tsmom_126,tsmom_63,1695,0.7026548672566372,76,86,11,0.0728476821192053
out_of_sample,XLE,tsmom,tsmom_21,tsmom_252,1695,0.6176991150442478,157,40,16,0.08839779005524862
out_of_sample,XLE,tsmom,tsmom_21,tsmom_63,1695,0.6861356932153392,157,86,39,0.19117647058823528
out_of_sample,XLE,tsmom,tsmom_252,tsmom_63,1695,0.6873156342182891,40,86,15,0.13513513513513514
out_of_sample,XLF,ewmac,ewmac_16_64,ewmac_32_128,1695,0.8613569321533924,35,16,4,0.0851063829787234
out_of_sample,XLF,ewmac,ewmac_16_64,ewmac_64_256,1695,0.7569321533923303,35,8,1,0.023809523809523808
out_of_sample,XLF,ewmac,ewmac_16_64,ewmac_8_32,1695,0.8253687315634218,35,67,17,0.2
out_of_sample,XLF,ewmac,ewmac_32_128,ewmac_64_256,1695,0.848377581120944,16,8,1,0.043478260869565216
out_of_sample,XLF,ewmac,ewmac_32_128,ewmac_8_32,1695,0.7126843657817109,16,67,4,0.05063291139240506
out_of_sample,XLF,ewmac,ewmac_64_256,ewmac_8_32,1695,0.6483775811209439,8,67,0,0.0
out_of_sample,XLF,tsmom,tsmom_126,tsmom_21,1695,0.6294985250737463,56,136,14,0.07865168539325842
out_of_sample,XLF,tsmom,tsmom_126,tsmom_252,1695,0.7769911504424779,56,26,3,0.0379746835443038
out_of_sample,XLF,tsmom,tsmom_126,tsmom_63,1695,0.7811209439528024,56,93,20,0.15503875968992248
out_of_sample,XLF,tsmom,tsmom_21,tsmom_252,1695,0.5846607669616519,136,26,4,0.02531645569620253
out_of_sample,XLF,tsmom,tsmom_21,tsmom_63,1695,0.6997050147492625,136,93,35,0.18041237113402062
out_of_sample,XLF,tsmom,tsmom_252,tsmom_63,1695,0.7103244837758113,26,93,4,0.034782608695652174
out_of_sample,XLI,ewmac,ewmac_16_64,ewmac_32_128,1695,0.8542772861356932,31,13,1,0.023255813953488372
out_of_sample,XLI,ewmac,ewmac_16_64,ewmac_64_256,1695,0.7634218289085546,31,4,0,0.0
out_of_sample,XLI,ewmac,ewmac_16_64,ewmac_8_32,1695,0.8690265486725663,31,61,13,0.16455696202531644
out_of_sample,XLI,ewmac,ewmac_32_128,ewmac_64_256,1695,0.8914454277286136,13,4,0,0.0
out_of_sample,XLI,ewmac,ewmac_32_128,ewmac_8_32,1695,0.744542772861357,13,61,2,0.027777777777777776
out_of_sample,XLI,ewmac,ewmac_64_256,ewmac_8_32,1695,0.6749262536873156,4,61,0,0.0
out_of_sample,XLI,tsmom,tsmom_126,tsmom_21,1695,0.679646017699115,48,162,12,0.06060606060606061
out_of_sample,XLI,tsmom,tsmom_126,tsmom_252,1695,0.8808259587020649,48,30,7,0.09859154929577464
out_of_sample,XLI,tsmom,tsmom_126,tsmom_63,1695,0.8035398230088495,48,107,15,0.10714285714285714
out_of_sample,XLI,tsmom,tsmom_21,tsmom_252,1695,0.6418879056047198,162,30,11,0.06077348066298342
out_of_sample,XLI,tsmom,tsmom_21,tsmom_63,1695,0.7463126843657817,162,107,40,0.17467248908296942
out_of_sample,XLI,tsmom,tsmom_252,tsmom_63,1695,0.7315634218289085,30,107,5,0.03787878787878788
out_of_sample,XLK,ewmac,ewmac_16_64,ewmac_32_128,1695,0.8843657817109144,26,10,2,0.058823529411764705
out_of_sample,XLK,ewmac,ewmac_16_64,ewmac_64_256,1695,0.7970501474926254,26,4,0,0.0
out_of_sample,XLK,ewmac,ewmac_16_64,ewmac_8_32,1695,0.8613569321533924,26,54,12,0.17647058823529413
out_of_sample,XLK,ewmac,ewmac_32_128,ewmac_64_256,1695,0.9020648967551622,10,4,0,0.0
out_of_sample,XLK,ewmac,ewmac_32_128,ewmac_8_32,1695,0.7657817109144542,10,54,1,0.015873015873015872
out_of_sample,XLK,ewmac,ewmac_64_256,ewmac_8_32,1695,0.7079646017699115,4,54,0,0.0
out_of_sample,XLK,tsmom,tsmom_126,tsmom_21,1695,0.7026548672566372,54,150,12,0.0625
out_of_sample,XLK,tsmom,tsmom_126,tsmom_252,1695,0.896165191740413,54,18,2,0.02857142857142857
out_of_sample,XLK,tsmom,tsmom_126,tsmom_63,1695,0.8123893805309734,54,82,15,0.12396694214876033
out_of_sample,XLK,tsmom,tsmom_21,tsmom_252,1695,0.6566371681415929,150,18,2,0.012048192771084338
out_of_sample,XLK,tsmom,tsmom_21,tsmom_63,1695,0.7333333333333333,150,82,24,0.11538461538461539
out_of_sample,XLK,tsmom,tsmom_252,tsmom_63,1695,0.727433628318584,18,82,0,0.0
out_of_sample,XLP,ewmac,ewmac_16_64,ewmac_32_128,1695,0.8147492625368732,41,16,3,0.05555555555555555
out_of_sample,XLP,ewmac,ewmac_16_64,ewmac_64_256,1695,0.7185840707964601,41,10,1,0.02
out_of_sample,XLP,ewmac,ewmac_16_64,ewmac_8_32,1695,0.8289085545722714,41,71,21,0.23076923076923078
out_of_sample,XLP,ewmac,ewmac_32_128,ewmac_64_256,1695,0.8755162241887906,16,10,2,0.08333333333333333
out_of_sample,XLP,ewmac,ewmac_32_128,ewmac_8_32,1695,0.6660766961651917,16,71,4,0.04819277108433735
out_of_sample,XLP,ewmac,ewmac_64_256,ewmac_8_32,1695,0.6241887905604719,10,71,3,0.038461538461538464
out_of_sample,XLP,tsmom,tsmom_126,tsmom_21,1695,0.6094395280235988,99,155,30,0.13392857142857142
out_of_sample,XLP,tsmom,tsmom_126,tsmom_252,1695,0.7663716814159292,99,70,19,0.12666666666666668
out_of_sample,XLP,tsmom,tsmom_126,tsmom_63,1695,0.7522123893805309,99,113,31,0.1712707182320442
out_of_sample,XLP,tsmom,tsmom_21,tsmom_252,1695,0.6094395280235988,155,70,16,0.07655502392344497
out_of_sample,XLP,tsmom,tsmom_21,tsmom_63,1695,0.6471976401179941,155,113,34,0.1452991452991453
out_of_sample,XLP,tsmom,tsmom_252,tsmom_63,1695,0.7179941002949852,70,113,9,0.05172413793103448
out_of_sample,XLU,ewmac,ewmac_16_64,ewmac_32_128,1695,0.8153392330383481,39,15,3,0.058823529411764705
out_of_sample,XLU,ewmac,ewmac_16_64,ewmac_64_256,1695,0.7351032448377581,39,9,1,0.02127659574468085
out_of_sample,XLU,ewmac,ewmac_16_64,ewmac_8_32,1695,0.8212389380530973,39,71,19,0.2087912087912088
out_of_sample,XLU,ewmac,ewmac_32_128,ewmac_64_256,1695,0.9103244837758112,15,9,1,0.043478260869565216
out_of_sample,XLU,ewmac,ewmac_32_128,ewmac_8_32,1695,0.6766961651917404,15,71,3,0.03614457831325301
out_of_sample,XLU,ewmac,ewmac_64_256,ewmac_8_32,1695,0.6035398230088496,9,71,0,0.0
out_of_sample,XLU,tsmom,tsmom_126,tsmom_21,1695,0.6389380530973451,63,118,19,0.11728395061728394
out_of_sample,XLU,tsmom,tsmom_126,tsmom_252,1695,0.7870206489675516,63,57,6,0.05263157894736842
out_of_sample,XLU,tsmom,tsmom_126,tsmom_63,1695,0.7474926253687315,63,119,23,0.14465408805031446
out_of_sample,XLU,tsmom,tsmom_21,tsmom_252,1695,0.6106194690265486,118,57,12,0.0736196319018405
out_of_sample,XLU,tsmom,tsmom_21,tsmom_63,1695,0.6253687315634219,118,119,29,0.13942307692307693
out_of_sample,XLU,tsmom,tsmom_252,tsmom_63,1695,0.7079646017699115,57,119,13,0.07975460122699386
out_of_sample,XLV,ewmac,ewmac_16_64,ewmac_32_128,1695,0.8690265486725663,26,22,5,0.11627906976744186
out_of_sample,XLV,ewmac,ewmac_16_64,ewmac_64_256,1695,0.7303834808259587,26,8,0,0.0
out_of_sample,XLV,ewmac,ewmac_16_64,ewmac_8_32,1695,0.8560471976401179,26,56,9,0.1232876712328767
out_of_sample,XLV,ewmac,ewmac_32_128,ewmac_64_256,1695,0.8129793510324483,22,8,2,0.07142857142857142
out_of_sample,XLV,ewmac,ewmac_32_128,ewmac_8_32,1695,0.7321533923303835,22,56,3,0.04
out_of_sample,XLV,ewmac,ewmac_64_256,ewmac_8_32,1695,0.6442477876106195,8,56,1,0.015873015873015872
out_of_sample,XLV,tsmom,tsmom_126,tsmom_21,1695,0.6648967551622419,70,139,16,0.08290155440414508
out_of_sample,XLV,tsmom,tsmom_126,tsmom_252,1695,0.775811209439528,70,52,17,0.1619047619047619
out_of_sample,XLV,tsmom,tsmom_126,tsmom_63,1695,0.7592920353982301,70,128,27,0.15789473684210525
out_of_sample,XLV,tsmom,tsmom_21,tsmom_252,1695,0.5976401179941003,139,52,10,0.055248618784530384
out_of_sample,XLV,tsmom,tsmom_21,tsmom_63,1695,0.6837758112094395,139,128,25,0.10330578512396695
out_of_sample,XLV,tsmom,tsmom_252,tsmom_63,1695,0.7026548672566372,52,128,14,0.08433734939759036
out_of_sample,XLY,ewmac,ewmac_16_64,ewmac_32_128,1695,0.8619469026548673,31,15,4,0.09523809523809523
out_of_sample,XLY,ewmac,ewmac_16_64,ewmac_64_256,1695,0.7333333333333333,31,5,0,0.0
out_of_sample,XLY,ewmac,ewmac_16_64,ewmac_8_32,1695,0.8572271386430679,31,61,12,0.15
out_of_sample,XLY,ewmac,ewmac_32_128,ewmac_64_256,1695,0.8489675516224189,15,5,0,0.0
out_of_sample,XLY,ewmac,ewmac_32_128,ewmac_8_32,1695,0.7451327433628319,15,61,1,0.013333333333333334
out_of_sample,XLY,ewmac,ewmac_64_256,ewmac_8_32,1695,0.6648967551622419,5,61,0,0.0
out_of_sample,XLY,tsmom,tsmom_126,tsmom_21,1695,0.6536873156342183,84,165,19,0.08260869565217391
out_of_sample,XLY,tsmom,tsmom_126,tsmom_252,1695,0.8377581120943953,84,31,8,0.07476635514018691
out_of_sample,XLY,tsmom,tsmom_126,tsmom_63,1695,0.7663716814159292,84,95,16,0.09815950920245399
out_of_sample,XLY,tsmom,tsmom_21,tsmom_252,1695,0.6330383480825958,165,31,5,0.02617801047120419
out_of_sample,XLY,tsmom,tsmom_21,tsmom_63,1695,0.7126843657817109,165,95,29,0.12554112554112554
out_of_sample,XLY,tsmom,tsmom_252,tsmom_63,1695,0.7457227138643068,31,95,8,0.06779661016949153
selection,GLD,ewmac,ewmac_16_64,ewmac_32_128,3678,0.8395867319195215,75,25,6,0.06382978723404255
selection,GLD,ewmac,ewmac_16_64,ewmac_64_256,3550,0.7250704225352113,75,10,0,0.0
selection,GLD,ewmac,ewmac_16_64,ewmac_8_32,3742,0.8166755745590594,75,139,30,0.16304347826086957
selection,GLD,ewmac,ewmac_32_128,ewmac_64_256,3550,0.8771830985915493,25,10,1,0.029411764705882353
selection,GLD,ewmac,ewmac_32_128,ewmac_8_32,3678,0.6867862969004894,25,139,2,0.012345679012345678
selection,GLD,ewmac,ewmac_64_256,ewmac_8_32,3550,0.6090140845070423,10,139,1,0.006756756756756757
selection,GLD,tsmom,tsmom_126,tsmom_21,3679,0.6115792334873607,102,363,39,0.09154929577464789
selection,GLD,tsmom,tsmom_126,tsmom_252,3553,0.7756825218125528,102,82,8,0.045454545454545456
selection,GLD,tsmom,tsmom_126,tsmom_63,3679,0.7355259581407991,102,205,27,0.09642857142857143
selection,GLD,tsmom,tsmom_21,tsmom_252,3553,0.6006191950464397,363,82,20,0.047058823529411764
selection,GLD,tsmom,tsmom_21,tsmom_63,3742,0.6734366648850882,363,205,71,0.14285714285714285
selection,GLD,tsmom,tsmom_252,tsmom_63,3553,0.6507177033492823,82,205,19,0.0708955223880597
selection,IWM,ewmac,ewmac_16_64,ewmac_32_128,3775,0.8635761589403973,66,32,9,0.10112359550561797
selection,IWM,ewmac,ewmac_16_64,ewmac_64_256,3775,0.7327152317880795,66,12,1,0.012987012987012988
selection,IWM,ewmac,ewmac_16_64,ewmac_8_32,3775,0.8460927152317881,66,130,23,0.1329479768786127
selection,IWM,ewmac,ewmac_32_128,ewmac_64_256,3775,0.8495364238410597,32,12,3,0.07317073170731707
selection,IWM,ewmac,ewmac_32_128,ewmac_8_32,3775,0.7271523178807947,32,130,2,0.0125
selection,IWM,ewmac,ewmac_64_256,ewmac_8_32,3775,0.6439735099337748,12,130,1,0.0070921985815602835
selection,IWM,tsmom,tsmom_126,tsmom_21,3775,0.6317880794701987,140,357,44,0.09713024282560706
selection,IWM,tsmom,tsmom_126,tsmom_252,3775,0.7727152317880794,140,78,6,0.02830188679245283
selection,IWM,tsmom,tsmom_126,tsmom_63,3775,0.7647682119205298,140,226,31,0.09253731343283582
selection,IWM,tsmom,tsmom_21,tsmom_252,3775,0.6121854304635762,357,78,30,0.07407407407407407
selection,IWM,tsmom,tsmom_21,tsmom_63,3775,0.7226490066225165,357,226,78,0.15445544554455445
selection,IWM,tsmom,tsmom_252,tsmom_63,3775,0.702251655629139,78,226,15,0.05190311418685121
selection,QQQ,ewmac,ewmac_16_64,ewmac_32_128,3775,0.8712582781456953,66,24,3,0.034482758620689655
selection,QQQ,ewmac,ewmac_16_64,ewmac_64_256,3775,0.7801324503311259,66,10,0,0.0
selection,QQQ,ewmac,ewmac_16_64,ewmac_8_32,3775,0.8596026490066225,66,146,37,0.21142857142857144
selection,QQQ,ewmac,ewmac_32_128,ewmac_64_256,3775,0.896158940397351,24,10,0,0.0
selection,QQQ,ewmac,ewmac_32_128,ewmac_8_32,3775,0.7483443708609272,24,146,2,0.011904761904761904
selection,QQQ,ewmac,ewmac_64_256,ewmac_8_32,3775,0.6868874172185431,10,146,0,0.0
selection,QQQ,tsmom,tsmom_126,tsmom_21,3775,0.6900662251655629,100,326,33,0.08396946564885496
selection,QQQ,tsmom,tsmom_126,tsmom_252,3775,0.8256953642384106,100,76,2,0.011494252873563218
selection,QQQ,tsmom,tsmom_126,tsmom_63,3775,0.7949668874172185,100,160,20,0.08333333333333333
selection,QQQ,tsmom,tsmom_21,tsmom_252,3775,0.664635761589404,326,76,10,0.025510204081632654
selection,QQQ,tsmom,tsmom_21,tsmom_63,3775,0.7390728476821192,326,160,46,0.10454545454545454
selection,QQQ,tsmom,tsmom_252,tsmom_63,3775,0.76,76,160,12,0.05357142857142857
selection,SPY,ewmac,ewmac_16_64,ewmac_32_128,3775,0.8807947019867549,50,26,5,0.07042253521126761
selection,SPY,ewmac,ewmac_16_64,ewmac_64_256,3775,0.800794701986755,50,12,2,0.03333333333333333
selection,SPY,ewmac,ewmac_16_64,ewmac_8_32,3775,0.8596026490066225,50,148,24,0.13793103448275862
selection,SPY,ewmac,ewmac_32_128,ewmac_64_256,3775,0.9067549668874172,26,12,4,0.11764705882352941
selection,SPY,ewmac,ewmac_32_128,ewmac_8_32,3775,0.7637086092715232,26,148,8,0.04819277108433735
selection,SPY,ewmac,ewmac_64_256,ewmac_8_32,3775,0.7049006622516556,12,148,2,0.012658227848101266
selection,SPY,tsmom,tsmom_126,tsmom_21,3775,0.6903311258278145,94,332,34,0.08673469387755102
selection,SPY,tsmom,tsmom_126,tsmom_252,3775,0.8627814569536424,94,50,11,0.08270676691729323
selection,SPY,tsmom,tsmom_126,tsmom_63,3775,0.8045033112582781,94,180,16,0.06201550387596899
selection,SPY,tsmom,tsmom_21,tsmom_252,3775,0.6744370860927152,332,50,20,0.055248618784530384
selection,SPY,tsmom,tsmom_21,tsmom_63,3775,0.7539072847682119,332,180,56,0.12280701754385964
selection,SPY,tsmom,tsmom_252,tsmom_63,3775,0.768476821192053,50,180,11,0.0502283105022831
selection,TLT,ewmac,ewmac_16_64,ewmac_32_128,3775,0.8341721854304636,77,30,6,0.0594059405940594
selection,TLT,ewmac,ewmac_16_64,ewmac_64_256,3775,0.7170860927152318,77,22,5,0.05319148936170213
selection,TLT,ewmac,ewmac_16_64,ewmac_8_32,3775,0.8357615894039735,77,149,32,0.16494845360824742
selection,TLT,ewmac,ewmac_32_128,ewmac_64_256,3775,0.8611920529801325,30,22,3,0.061224489795918366
selection,TLT,ewmac,ewmac_32_128,ewmac_8_32,3775,0.6858278145695365,30,149,2,0.011299435028248588
selection,TLT,ewmac,ewmac_64_256,ewmac_8_32,3775,0.5941721854304636,22,149,2,0.011834319526627219
selection,TLT,tsmom,tsmom_126,tsmom_21,3775,0.6135099337748344,106,357,23,0.05227272727272727
selection,TLT,tsmom,tsmom_126,tsmom_252,3775,0.7080794701986755,106,74,10,0.058823529411764705
selection,TLT,tsmom,tsmom_126,tsmom_63,3775,0.7605298013245033,106,211,27,0.09310344827586207
selection,TLT,tsmom,tsmom_21,tsmom_252,3775,0.5456953642384106,357,74,20,0.04866180048661801
selection,TLT,tsmom,tsmom_21,tsmom_63,3775,0.6935099337748344,357,211,68,0.136
selection,TLT,tsmom,tsmom_252,tsmom_63,3775,0.6222516556291391,74,211,10,0.03636363636363636
selection,XLE,ewmac,ewmac_16_64,ewmac_32_128,3775,0.824635761589404,74,32,6,0.06
selection,XLE,ewmac,ewmac_16_64,ewmac_64_256,3775,0.7120529801324503,74,15,2,0.022988505747126436
selection,XLE,ewmac,ewmac_16_64,ewmac_8_32,3775,0.8516556291390729,74,126,29,0.1695906432748538
selection,XLE,ewmac,ewmac_32_128,ewmac_64_256,3775,0.8725827814569537,32,15,1,0.021739130434782608
selection,XLE,ewmac,ewmac_32_128,ewmac_8_32,3775,0.6990728476821192,32,126,3,0.01935483870967742
selection,XLE,ewmac,ewmac_64_256,ewmac_8_32,3775,0.5997350993377484,15,126,2,0.014388489208633094
selection,XLE,tsmom,tsmom_126,tsmom_21,3775,0.632317880794702,150,337,42,0.09438202247191012
selection,XLE,tsmom,tsmom_126,tsmom_252,3775,0.7758940397350993,150,104,13,0.05394190871369295
selection,XLE,tsmom,tsmom_126,tsmom_63,3775,0.7631788079470199,150,254,39,0.10684931506849316
selection,XLE,tsmom,tsmom_21,tsmom_252,3775,0.6100662251655629,337,104,29,0.0703883495145631
selection,XLE,tsmom,tsmom_21,tsmom_63,3775,0.7215894039735099,337,254,85,0.16798418972332016
selection,XLE,tsmom,tsmom_252,tsmom_63,3775,0.695364238410596,104,254,28,0.08484848484848485
selection,XLF,ewmac,ewmac_16_64,ewmac_32_128,3775,0.8532450331125828,62,22,3,0.037037037037037035
selection,XLF,ewmac,ewmac_16_64,ewmac_64_256,3775,0.7478145695364239,62,14,4,0.05555555555555555
selection,XLF,ewmac,ewmac_16_64,ewmac_8_32,3775,0.8378807947019867,62,152,26,0.13829787234042554
selection,XLF,ewmac,ewmac_32_128,ewmac_64_256,3775,0.8797350993377483,22,14,1,0.02857142857142857
selection,XLF,ewmac,ewmac_32_128,ewmac_8_32,3775,0.712317880794702,22,152,3,0.017543859649122806
selection,XLF,ewmac,ewmac_64_256,ewmac_8_32,3775,0.6354966887417218,14,152,3,0.018404907975460124
selection,XLF,tsmom,tsmom_126,tsmom_21,3775,0.6511258278145695,142,377,42,0.0880503144654088
selection,XLF,tsmom,tsmom_126,tsmom_252,3775,0.8116556291390729,142,92,21,0.09859154929577464
selection,XLF,tsmom,tsmom_126,tsmom_63,3775,0.7793377483443709,142,196,32,0.10457516339869281
selection,XLF,tsmom,tsmom_21,tsmom_252,3775,0.6264900662251656,377,92,34,0.07816091954022988
selection,XLF,tsmom,tsmom_21,tsmom_63,3775,0.7001324503311258,377,196,67,0.1324110671936759
selection,XLF,tsmom,tsmom_252,tsmom_63,3775,0.7049006622516556,92,196,16,0.058823529411764705
selection,XLI,ewmac,ewmac_16_64,ewmac_32_128,3775,0.8622516556291391,58,34,8,0.09523809523809523
selection,XLI,ewmac,ewmac_16_64,ewmac_64_256,3775,0.7607947019867549,58,12,1,0.014492753623188406
selection,XLI,ewmac,ewmac_16_64,ewmac_8_32,3775,0.8429139072847682,58,148,23,0.12568306010928962
selection,XLI,ewmac,ewmac_32_128,ewmac_64_256,3775,0.8900662251655629,34,12,2,0.045454545454545456
selection,XLI,ewmac,ewmac_32_128,ewmac_8_32,3775,0.7321854304635762,34,148,7,0.04
selection,XLI,ewmac,ewmac_64_256,ewmac_8_32,3775,0.6577483443708609,12,148,1,0.006289308176100629
selection,XLI,tsmom,tsmom_126,tsmom_21,3775,0.6566887417218543,132,362,42,0.09292035398230089
selection,XLI,tsmom,tsmom_126,tsmom_252,3775,0.8047682119205298,132,80,14,0.0707070707070707
selection,XLI,tsmom,tsmom_126,tsmom_63,3775,0.7901986754966888,132,184,28,0.09722222222222222
selection,XLI,tsmom,tsmom_21,tsmom_252,3775,0.6521854304635761,362,80,28,0.06763285024154589
selection,XLI,tsmom,tsmom_21,tsmom_63,3775,0.7186754966887418,362,184,58,0.11885245901639344
selection,XLI,tsmom,tsmom_252,tsmom_63,3775,0.7401324503311258,80,184,11,0.043478260869565216
selection,XLK,ewmac,ewmac_16_64,ewmac_32_128,3775,0.8903311258278146,60,26,8,0.10256410256410256
selection,XLK,ewmac,ewmac_16_64,ewmac_64_256,3775,0.791523178807947,60,12,3,0.043478260869565216
selection,XLK,ewmac,ewmac_16_64,ewmac_8_32,3775,0.8566887417218543,60,146,31,0.17714285714285713
selection,XLK,ewmac,ewmac_32_128,ewmac_64_256,3775,0.8794701986754967,26,12,1,0.02702702702702703
selection,XLK,ewmac,ewmac_32_128,ewmac_8_32,3775,0.7602649006622516,26,146,4,0.023809523809523808
selection,XLK,ewmac,ewmac_64_256,ewmac_8_32,3775,0.6932450331125828,12,146,3,0.01935483870967742
selection,XLK,tsmom,tsmom_126,tsmom_21,3775,0.6905960264900662,106,334,26,0.06280193236714976
selection,XLK,tsmom,tsmom_126,tsmom_252,3775,0.8254304635761589,106,68,10,0.06097560975609756
selection,XLK,tsmom,tsmom_126,tsmom_63,3775,0.8031788079470199,106,180,35,0.1394422310756972
selection,XLK,tsmom,tsmom_21,tsmom_252,3775,0.6688741721854304,334,68,18,0.046875
selection,XLK,tsmom,tsmom_21,tsmom_63,3775,0.7425165562913907,334,180,62,0.13716814159292035
selection,XLK,tsmom,tsmom_252,tsmom_63,3775,0.7732450331125827,68,180,6,0.024793388429752067
selection,XLP,ewmac,ewmac_16_64,ewmac_32_128,3775,0.8733774834437086,68,24,5,0.05747126436781609
selection,XLP,ewmac,ewmac_16_64,ewmac_64_256,3775,0.7928476821192053,68,4,0,0.0
selection,XLP,ewmac,ewmac_16_64,ewmac_8_32,3775,0.8694039735099338,68,130,31,0.18562874251497005
selection,XLP,ewmac,ewmac_32_128,ewmac_64_256,3775,0.8998675496688742,24,4,0,0.0
selection,XLP,ewmac,ewmac_32_128,ewmac_8_32,3775,0.7682119205298014,24,130,4,0.02666666666666667
selection,XLP,ewmac,ewmac_64_256,ewmac_8_32,3775,0.7136423841059603,4,130,0,0.0
selection,XLP,tsmom,tsmom_126,tsmom_21,3775,0.7088741721854305,172,370,55,0.11293634496919917
selection,XLP,tsmom,tsmom_126,tsmom_252,3775,0.8768211920529801,172,30,11,0.05759162303664921
selection,XLP,tsmom,tsmom_126,tsmom_63,3775,0.8140397350993378,172,196,44,0.13580246913580246
selection,XLP,tsmom,tsmom_21,tsmom_252,3775,0.6577483443708609,370,30,8,0.02040816326530612
selection,XLP,tsmom,tsmom_21,tsmom_63,3775,0.7456953642384105,370,196,70,0.14112903225806453
selection,XLP,tsmom,tsmom_252,tsmom_63,3775,0.767682119205298,30,196,10,0.046296296296296294
selection,XLU,ewmac,ewmac_16_64,ewmac_32_128,3775,0.8678145695364239,58,28,8,0.10256410256410256
selection,XLU,ewmac,ewmac_16_64,ewmac_64_256,3775,0.759205298013245,58,6,1,0.015873015873015872
selection,XLU,ewmac,ewmac_16_64,ewmac_8_32,3775,0.8543046357615894,58,138,24,0.13953488372093023
selection,XLU,ewmac,ewmac_32_128,ewmac_64_256,3775,0.8649006622516556,28,6,0,0.0
selection,XLU,ewmac,ewmac_32_128,ewmac_8_32,3775,0.7470198675496689,28,138,5,0.031055900621118012
selection,XLU,ewmac,ewmac_64_256,ewmac_8_32,3775,0.6871523178807947,6,138,0,0.0
selection,XLU,tsmom,tsmom_126,tsmom_21,3775,0.6625165562913907,116,368,37,0.08277404921700224
selection,XLU,tsmom,tsmom_126,tsmom_252,3775,0.8317880794701987,116,56,13,0.08176100628930817
selection,XLU,tsmom,tsmom_126,tsmom_63,3775,0.789933774834437,116,202,23,0.07796610169491526
selection,XLU,tsmom,tsmom_21,tsmom_252,3775,0.6503311258278146,368,56,18,0.04433497536945813
selection,XLU,tsmom,tsmom_21,tsmom_63,3775,0.7186754966887418,368,202,64,0.12648221343873517
selection,XLU,tsmom,tsmom_252,tsmom_63,3775,0.7313907284768212,56,202,13,0.053061224489795916
selection,XLV,ewmac,ewmac_16_64,ewmac_32_128,3775,0.9011920529801325,56,32,11,0.14285714285714285
selection,XLV,ewmac,ewmac_16_64,ewmac_64_256,3775,0.7973509933774835,56,10,0,0.0
selection,XLV,ewmac,ewmac_16_64,ewmac_8_32,3775,0.8413245033112583,56,146,25,0.14124293785310735
selection,XLV,ewmac,ewmac_32_128,ewmac_64_256,3775,0.8649006622516556,32,10,3,0.07692307692307693
selection,XLV,ewmac,ewmac_32_128,ewmac_8_32,3775,0.7494039735099338,32,146,5,0.028901734104046242
selection,XLV,ewmac,ewmac_64_256,ewmac_8_32,3775,0.6852980132450331,10,146,1,0.0064516129032258064
selection,XLV,tsmom,tsmom_126,tsmom_21,3775,0.6752317880794702,164,371,48,0.09856262833675565
selection,XLV,tsmom,tsmom_126,tsmom_252,3775,0.7901986754966888,164,64,25,0.12315270935960591
selection,XLV,tsmom,tsmom_126,tsmom_63,3775,0.8278145695364238,164,152,32,0.11267605633802817
selection,XLV,tsmom,tsmom_21,tsmom_252,3775,0.6381456953642384,371,64,26,0.06356968215158924
selection,XLV,tsmom,tsmom_21,tsmom_63,3775,0.7239735099337749,371,152,57,0.1223175965665236
selection,XLV,tsmom,tsmom_252,tsmom_63,3775,0.7674172185430463,64,152,19,0.09644670050761421
selection,XLY,ewmac,ewmac_16_64,ewmac_32_128,3775,0.8699337748344371,60,24,4,0.05
selection,XLY,ewmac,ewmac_16_64,ewmac_64_256,3775,0.7878145695364238,60,12,4,0.058823529411764705
selection,XLY,ewmac,ewmac_16_64,ewmac_8_32,3775,0.8585430463576159,60,138,22,0.125
selection,XLY,ewmac,ewmac_32_128,ewmac_64_256,3775,0.889271523178808,24,12,1,0.02857142857142857
selection,XLY,ewmac,ewmac_32_128,ewmac_8_32,3775,0.7449006622516556,24,138,4,0.02531645569620253
selection,XLY,ewmac,ewmac_64_256,ewmac_8_32,3775,0.6929801324503311,12,138,2,0.013513513513513514
selection,XLY,tsmom,tsmom_126,tsmom_21,3775,0.686092715231788,146,338,41,0.09255079006772009
selection,XLY,tsmom,tsmom_126,tsmom_252,3775,0.8352317880794702,146,48,21,0.12138728323699421
selection,XLY,tsmom,tsmom_126,tsmom_63,3775,0.8079470198675497,146,192,29,0.09385113268608414
selection,XLY,tsmom,tsmom_21,tsmom_252,3775,0.6452980132450331,338,48,11,0.029333333333333333
selection,XLY,tsmom,tsmom_21,tsmom_63,3775,0.7215894039735099,338,192,64,0.13733905579399142
selection,XLY,tsmom,tsmom_252,tsmom_63,3775,0.7443708609271523,48,192,11,0.048034934497816595
