split,symbol,candidate_id,family,evaluated_days,transitions,transition_rate_per_252,persistence_count,persistence_mean,persistence_median,persistence_p25,persistence_p75,eligible_false_reversal_5,false_reversal_rate_5,eligible_false_reversal_10,false_reversal_rate_10,eligible_false_reversal_20,false_reversal_rate_20,eligible_directional_5,directional_consistency_5,eligible_directional_10,directional_consistency_10,eligible_directional_20,directional_consistency_20,eligible_directional_60,directional_consistency_60,mfe_20_mean,mfe_20_median,mae_20_mean,mae_20_median,mfe_60_mean,mfe_60_median,mae_60_mean,mae_60_median
out_of_sample,GLD,ewmac_16_64,ewmac,1695,27,4.014159292035398,28,60.535714285714285,30.5,7.25,78.25,26,0.23076923076923078,26,0.3076923076923077,26,0.38461538461538464,26,0.34615384615384615,26,0.5,26,0.46153846153846156,25,0.6,0.021723887540297922,0.023489622990017334,-0.035072276531786135,-0.020391661352643642,0.0509677747498146,0.04705543747708785,-0.05794743014960733,-0.03681631311981404
out_of_sample,GLD,ewmac_32_128,ewmac,1695,13,1.9327433628318584,14,121.07142857142857,67.0,21.0,128.0,13,0.07692307692307693,13,0.07692307692307693,11,0.18181818181818182,13,0.46153846153846156,13,0.38461538461538464,11,0.45454545454545453,11,0.5454545454545454,0.02331509277121174,0.011629799758343662,-0.02473001067241515,-0.02445519338262281,0.05377006563018723,0.046627912000377414,-0.04526933240617446,-0.029903738339122077
out_of_sample,GLD,ewmac_64_256,ewmac,1695,8,1.1893805309734513,9,188.33333333333334,92,28.0,133.0,8,0.0,8,0.125,8,0.25,8,0.625,8,0.5,8,0.375,8,0.375,0.01410958808751682,0.018639320948156513,-0.02974718647750743,-0.03424824597531273,0.03782647207395716,0.03347099613513138,-0.06597835362359415,-0.05113888163043617
out_of_sample,GLD,ewmac_8_32,ewmac,1695,55,8.176991150442477,56,30.267857142857142,18.0,8.25,44.25,55,0.2,55,0.36363636363636365,54,0.5925925925925926,55,0.509090909090909,55,0.4727272727272727,54,0.46296296296296297,53,0.5094339622641509,0.03065776634363875,0.02378029971985507,-0.02925944713859491,-0.020222396836314493,0.06564810939725486,0.045536287486201754,-0.06394611561897043,-0.04104515145603038
out_of_sample,GLD,lean_ema_cross_12_26,lean_ema_cross,1695,51,7.582300884955752,52,32.59615384615385,18.5,10.0,47.75,51,0.19607843137254902,51,0.29411764705882354,50,0.54,51,0.47058823529411764,51,0.47058823529411764,50,0.48,49,0.5102040816326531,0.030867244619484077,0.025048237272452367,-0.029954375314764158,-0.026733813307596943,0.06838211757579168,0.049915561449171086,-0.0669285486188005,-0.045777511892379774
out_of_sample,GLD,tsmom_126,tsmom,1695,39,5.7982300884955755,41,41.31707317073171,6,2.0,31.0,39,0.46153846153846156,39,0.5897435897435898,39,0.6666666666666666,39,0.5384615384615384,39,0.5641025641025641,39,0.5384615384615384,39,0.5128205128205128,0.029069652107839947,0.021450363292964347,-0.026471097514518684,-0.02464846647979657,0.05027748386290355,0.0419154791709051,-0.04762303495196422,-0.03899415811920215
out_of_sample,GLD,tsmom_21,tsmom,1695,179,26.612389380530974,181,9.359116022099448,3,1.0,10.0,179,0.6424581005586593,179,0.7541899441340782,178,0.8370786516853933,179,0.4581005586592179,179,0.45251396648044695,178,0.47191011235955055,173,0.49710982658959535,0.030235990139454844,0.022473339852072227,-0.031326148167310525,-0.024776670593601946,0.0691527581685413,0.041104477492655445,-0.07107461072087638,-0.04449390681209753
out_of_sample,GLD,tsmom_252,tsmom,1695,34,5.054867256637168,35,48.42857142857143,3,1.0,23.0,34,0.6764705882352942,34,0.7058823529411765,34,0.7352941176470589,34,0.4411764705882353,34,0.4117647058823529,34,0.47058823529411764,34,0.5,0.023634408559251533,0.013033490188316454,-0.02959809039888887,-0.020442984333839787,0.044232841331997834,0.03359577932913793,-0.04752729024768004,-0.028146722089547216
out_of_sample,GLD,tsmom_63,tsmom,1695,54,8.028318584070796,55,30.818181818181817,4,1.0,35.5,54,0.5740740740740741,53,0.6415094339622641,51,0.7254901960784313,54,0.5370370370370371,53,0.5094339622641509,51,0.49019607843137253,47,0.5531914893617021,0.03119947195283637,0.028306617240931864,-0.03188904409825649,-0.022915342292044172,0.07519150955573954,0.049915561449171086,-0.0711884658196695,-0.040672755379979275
out_of_sample,IWM,ewmac_16_64,ewmac,1695,33,4.906194690265487,34,49.85294117647059,33.5,12.0,60.5,33,0.15151515151515152,33,0.21212121212121213,32,0.40625,33,0.42424242424242425,33,0.5454545454545454,32,0.4375,32,0.53125,0.04898690291996848,0.02503871121293344,-0.03439989455556264,-0.030235614919401077,0.08003067190759781,0.07498960011402922,-0.06860187414044652,-0.0515447955525567
out_of_sample,IWM,ewmac_32_128,ewmac,1695,12,1.784070796460177,13,130.3846153846154,71,44.0,263.0,12,0.08333333333333333,12,0.16666666666666666,12,0.16666666666666666,12,0.6666666666666666,12,0.75,12,0.8333333333333334,12,0.5,0.07376902089403521,0.04770569952672887,-0.01814949503163696,-0.00989793923454474,0.10531816856326053,0.10191688004508581,-0.04824530346260431,-0.03393429085602784
out_of_sample,IWM,ewmac_64_256,ewmac,1695,8,1.1893805309734513,9,188.33333333333334,106,57.0,322.0,8,0.0,8,0.0,8,0.0,8,0.5,8,0.5,8,0.375,8,0.5,0.053748983296966396,0.04049849701212138,-0.03681269437273936,-0.03162731005396929,0.08460201907019964,0.053761781950062204,-0.12314644043948537,-0.09111848390053401
out_of_sample,IWM,ewmac_8_32,ewmac,1695,65,9.663716814159292,66,25.681818181818183,18.5,5.0,31.75,65,0.27692307692307694,65,0.38461538461538464,65,0.5384615384615384,65,0.5230769230769231,65,0.5384615384615384,65,0.5076923076923077,62,0.5161290322580645,0.048395946170783216,0.03247159532216215,-0.040156636672152635,-0.033960610846848094,0.09190408145051031,0.08325474032126096,-0.08491161080910717,-0.05906900118372049
out_of_sample,IWM,lean_ema_cross_12_26,lean_ema_cross,1695,57,8.47433628318584,58,29.224137931034484,20.0,10.0,38.75,57,0.21052631578947367,57,0.2982456140350877,57,0.5087719298245614,57,0.49122807017543857,57,0.5789473684210527,57,0.49122807017543857,54,0.5,0.04891710299294741,0.03277151797740707,-0.039014156612049156,-0.035087828778779584,0.09075579746862546,0.07254043213445971,-0.08060922640959532,-0.056785345292642064
out_of_sample,IWM,tsmom_126,tsmom,1695,84,12.488495575221238,85,19.941176470588236,4,1.0,14.0,84,0.5833333333333334,84,0.7261904761904762,84,0.8333333333333334,84,0.4523809523809524,84,0.5357142857142857,84,0.5238095238095238,84,0.5238095238095238,0.04158936605084458,0.030074237667272297,-0.04089398982850136,-0.027843467883758466,0.07593197189108908,0.07331014310865536,-0.07177576184068785,-0.06401302457904062
out_of_sample,IWM,tsmom_21,tsmom,1695,167,24.828318584070797,168,10.089285714285714,3.0,1.0,15.0,167,0.5988023952095808,167,0.7125748502994012,167,0.7964071856287425,167,0.5149700598802395,167,0.49700598802395207,167,0.49700598802395207,164,0.5121951219512195,0.04454111444010821,0.0301655449631415,-0.04159596085168823,-0.03087842571665611,0.07809086603917198,0.06519191885233222,-0.0740577538917533,-0.06131295602284792
out_of_sample,IWM,tsmom_252,tsmom,1695,54,8.028318584070796,55,30.818181818181817,3,1.0,24.0,54,0.5740740740740741,54,0.6666666666666666,54,0.7407407407407407,54,0.5555555555555556,54,0.5185185185185185,54,0.5555555555555556,54,0.5370370370370371,0.05172337434188514,0.036142786811173666,-0.04184182517731874,-0.024824480854260922,0.09122123950691101,0.0797964540266417,-0.08368815280692553,-0.05497064172451255
out_of_sample,IWM,tsmom_63,tsmom,1695,105,15.610619469026549,106,15.99056603773585,3.0,1.0,12.0,105,0.6190476190476191,105,0.7333333333333333,103,0.8349514563106796,105,0.45714285714285713,105,0.5047619047619047,103,0.5048543689320388,102,0.47058823529411764,0.038831089259099484,0.029803955415116157,-0.03759890944646578,-0.028163819406832546,0.06694279857045368,0.0543931568578373,-0.06618287611106088,-0.05140905578084698
out_of_sample,QQQ,ewmac_16_64,ewmac,1695,28,4.162831858407079,29,58.44827586206897,41,10.0,64.0,28,0.14285714285714285,28,0.32142857142857145,28,0.39285714285714285,28,0.5357142857142857,28,0.5357142857142857,28,0.5357142857142857,26,0.5,0.04117117276065897,0.03380553633604333,-0.044159155342560395,-0.03613871472191443,0.09248777035045007,0.09771001354960074,-0.08618779432669905,-0.07096880304815278
out_of_sample,QQQ,ewmac_32_128,ewmac,1695,8,1.1893805309734513,9,188.33333333333334,117,44.0,257.0,8,0.0,8,0.0,8,0.125,8,0.125,8,0.625,8,0.625,8,0.625,0.05814250103454602,0.04851246849787111,-0.06893448553720702,-0.0444312862787164,0.10617666976945693,0.10705966938743067,-0.12318698116031554,-0.0626270167972009
out_of_sample,QQQ,ewmac_64_256,ewmac,1695,2,0.2973451327433628,3,565,583,412.5,726.5,2,0.0,2,0.0,2,0.0,2,0.0,2,1.0,2,1.0,2,1.0,0.05815309275108593,0.05815309275108593,-0.03402521422738575,-0.03402521422738575,0.15300749927677,0.15300749927677,-0.03402521422738575,-0.03402521422738575
out_of_sample,QQQ,ewmac_8_32,ewmac,1695,52,7.730973451327434,53,31.9811320754717,18,10.0,44.0,52,0.15384615384615385,51,0.2549019607843137,50,0.52,52,0.5769230769230769,51,0.5882352941176471,50,0.54,48,0.4791666666666667,0.049003822075235584,0.0443551442697403,-0.03337611042110398,-0.028808460414164294,0.09274568856492434,0.07658807984299038,-0.0762373297610128,-0.06350432898501446
out_of_sample,QQQ,lean_ema_cross_12_26,lean_ema_cross,1695,50,7.433628318584071,51,33.23529411764706,19,12.0,44.0,50,0.12,49,0.20408163265306123,48,0.5,50,0.58,49,0.4897959183673469,48,0.5,46,0.4782608695652174,0.04727230321974612,0.0379827485856587,-0.03683644023604854,-0.03365656070055967,0.09116230743713705,0.07471406369896116,-0.07942595063575911,-0.06350432898501446
out_of_sample,QQQ,tsmom_126,tsmom,1695,28,4.162831858407079,29,58.44827586206897,5,1.0,32.0,28,0.5357142857142857,28,0.6428571428571429,28,0.6785714285714286,28,0.5357142857142857,28,0.5714285714285714,28,0.5357142857142857,28,0.5357142857142857,0.052898483749425004,0.04856712526227197,-0.06197182715306744,-0.04684036702756095,0.10999135509391482,0.10789259041606214,-0.12163828156687859,-0.06911666541087153
out_of_sample,QQQ,tsmom_21,tsmom,1695,140,20.8141592920354,141,12.02127659574468,3,1.0,15.0,140,0.5785714285714286,139,0.6906474820143885,136,0.8161764705882353,140,0.4928571428571429,139,0.45323741007194246,136,0.4852941176470588,131,0.5114503816793893,0.03931804867989932,0.029879009443168736,-0.0369602861446607,-0.03502920773889695,0.085785769607074,0.0697805394450145,-0.08190021224438551,-0.06769590242366774
out_of_sample,QQQ,tsmom_252,tsmom,1695,16,2.3787610619469026,17,99.70588235294117,3,1.0,50.0,16,0.6875,16,0.75,16,0.75,16,0.4375,16,0.5625,16,0.5625,16,0.5,0.06204638053154271,0.054728267888560556,-0.08176308482484819,-0.06669412638028466,0.1262045831814973,0.14945977507797736,-0.13582581982707082,-0.06669412638028466
out_of_sample,QQQ,tsmom_63,tsmom,1695,57,8.47433628318584,59,28.71186440677966,5,2.0,44.0,57,0.5087719298245614,56,0.6428571428571429,54,0.6851851851851852,57,0.5789473684210527,56,0.5714285714285714,54,0.5370370370370371,53,0.5283018867924528,0.04320913866885307,0.034299407868790044,-0.031203755272929276,-0.019826051168799985,0.0929742221145817,0.09838012315189415,-0.07916012063749424,-0.05958722758652013
out_of_sample,SPY,ewmac_16_64,ewmac,1695,20,2.9734513274336285,21,80.71428571428571,45,25.0,74.0,20,0.05,20,0.05,20,0.2,20,0.55,20,0.7,20,0.7,20,0.45,0.05088740924863984,0.04265516721279072,-0.03049423654815525,-0.02273652778566093,0.0766704812730759,0.07378836093508168,-0.06082926265351266,-0.051080487860632684
out_of_sample,SPY,ewmac_32_128,ewmac,1695,12,1.784070796460177,13,130.3846153846154,57,29.0,195.0,12,0.0,12,0.25,12,0.25,12,0.6666666666666666,12,0.5,12,0.5,12,0.5833333333333334,0.04515221876119419,0.045505017287444605,-0.04856243031556004,-0.02870865235975434,0.07728261551280236,0.10160311133072553,-0.0943351693544344,-0.05397955721597214
out_of_sample,SPY,ewmac_64_256,ewmac,1695,4,0.5946902654867257,5,339,221,57.0,492.0,4,0.0,4,0.0,4,0.0,4,0.5,4,0.25,4,0.5,4,0.5,0.017544131588792783,0.009532440187961178,-0.07872177734243255,-0.07080476236165584,0.061378453780075615,0.07357704373413876,-0.12485073864340193,-0.08899180569436332
out_of_sample,SPY,ewmac_8_32,ewmac,1695,46,6.838938053097345,47,36.06382978723404,28,10.0,44.5,46,0.15217391304347827,45,0.26666666666666666,44,0.4318181818181818,46,0.5217391304347826,45,0.6,44,0.5909090909090909,42,0.5714285714285714,0.04046281791351674,0.029866116926516695,-0.02533535444604061,-0.021708224158602518,0.07217184556781299,0.06831142047048883,-0.056528497654895704,-0.051285421368363004
out_of_sample,SPY,lean_ema_cross_12_26,lean_ema_cross,1695,44,6.541592920353982,45,37.666666666666664,29,12.0,45.0,44,0.13636363636363635,43,0.18604651162790697,42,0.38095238095238093,44,0.4318181818181818,43,0.5813953488372093,42,0.6190476190476191,40,0.575,0.03898415300638891,0.029419417737766296,-0.025239729744762254,-0.02133580349816855,0.07081764454530584,0.06831142047048883,-0.056694541320778086,-0.046054114683163505
out_of_sample,SPY,tsmom_126,tsmom,1695,56,8.325663716814159,57,29.736842105263158,3,1.0,10.0,56,0.6428571428571429,56,0.7678571428571429,56,0.8392857142857143,56,0.44642857142857145,56,0.5,56,0.5,56,0.5,0.0353538528922521,0.03191924640199495,-0.0332554699509484,-0.03051264579596441,0.05892084373976755,0.05607842342100111,-0.06057238693809775,-0.054342519517321386
out_of_sample,SPY,tsmom_21,tsmom,1695,143,21.26017699115044,144,11.770833333333334,4.0,1.0,17.0,142,0.6056338028169014,141,0.6879432624113475,138,0.782608695652174,142,0.5,141,0.5319148936170213,138,0.5289855072463768,133,0.518796992481203,0.03263034887590271,0.02569820013074331,-0.0300658875024072,-0.02319695290979834,0.062192830087192695,0.05214536305427209,-0.05983602243001808,-0.053087444777895065
out_of_sample,SPY,tsmom_252,tsmom,1695,20,2.9734513274336285,21,80.71428571428571,3,2.0,25.0,20,0.6,20,0.75,20,0.75,20,0.3,20,0.35,20,0.45,20,0.5,0.03930548266725643,0.02767232198003644,-0.053436671910125196,-0.047534194208799285,0.07797521961273401,0.1015152846785185,-0.09167115480784058,-0.08123583279323121
out_of_sample,SPY,tsmom_63,tsmom,1695,52,7.730973451327434,53,31.9811320754717,3,1.0,36.0,52,0.6346153846153846,52,0.6730769230769231,52,0.6923076923076923,52,0.5384615384615384,52,0.5576923076923077,52,0.5769230769230769,52,0.4807692307692308,0.0414089540808608,0.03813012795855897,-0.035111112874613055,-0.02223814041154798,0.07069268712376263,0.06718236068716449,-0.06489487599730082,-0.05231294358716054
out_of_sample,TLT,ewmac_16_64,ewmac,1695,34,5.054867256637168,35,48.42857142857143,41,13.0,71.0,34,0.14705882352941177,34,0.20588235294117646,34,0.35294117647058826,34,0.38235294117647056,34,0.38235294117647056,34,0.5,33,0.42424242424242425,0.02088128477772915,0.018775440997040593,-0.027730467324909785,-0.025604184395853546,0.04591380398851071,0.03508121504602357,-0.04606134631905772,-0.03732912973711133
out_of_sample,TLT,ewmac_32_128,ewmac,1695,19,2.824778761061947,20,84.75,65.0,23.0,110.5,19,0.15789473684210525,19,0.2631578947368421,19,0.2631578947368421,19,0.631578947368421,19,0.42105263157894735,19,0.5789473684210527,19,0.47368421052631576,0.02079448876324602,0.023443685455761143,-0.026032298446384525,-0.020351994518820304,0.043938807786572366,0.03939613798311847,-0.038035346908187516,-0.03809383077986328
out_of_sample,TLT,ewmac_64_256,ewmac,1695,11,1.6353982300884955,12,141.25,76.5,29.5,168.75,11,0.09090909090909091,11,0.09090909090909091,11,0.18181818181818182,11,0.6363636363636364,11,0.6363636363636364,11,0.5454545454545454,11,0.5454545454545454,0.029582545822979943,0.027202921553469595,-0.01808527116387376,-0.01190656253349287,0.04731407867052962,0.034263860254228895,-0.03929194465484465,-0.04522974728141271
out_of_sample,TLT,ewmac_8_32,ewmac,1695,70,10.4070796460177,71,23.87323943661972,16,4.0,31.0,70,0.3142857142857143,70,0.44285714285714284,70,0.5714285714285714,70,0.4857142857142857,70,0.5142857142857142,70,0.4857142857142857,69,0.5072463768115942,0.02196643242013999,0.021003021101086983,-0.02427554034352347,-0.01935359576415313,0.046247618166128296,0.03544731331408768,-0.04369542122825903,-0.0368727473138899
out_of_sample,TLT,lean_ema_cross_12_26,lean_ema_cross,1695,50,7.433628318584071,51,33.23529411764706,24,9.0,47.0,50,0.16,50,0.3,50,0.42,50,0.56,50,0.56,50,0.56,49,0.4897959183673469,0.0254131885211081,0.024264291262353632,-0.02127953535921188,-0.017143810418853267,0.05074167196319984,0.04053150665606342,-0.04000692779316887,-0.03172276479074321
out_of_sample,TLT,tsmom_126,tsmom,1695,83,12.339823008849557,84,20.178571428571427,2.0,1.0,10.75,83,0.6626506024096386,83,0.7590361445783133,83,0.8072289156626506,83,0.4819277108433735,83,0.46987951807228917,83,0.5180722891566265,83,0.5180722891566265,0.021565481100669668,0.017486262448902057,-0.023820917420702376,-0.021680548435155544,0.04018047449211636,0.03890927689043511,-0.042016004884423495,-0.03617333214227503
out_of_sample,TLT,tsmom_21,tsmom,1695,184,27.35575221238938,185,9.162162162162161,3,1.0,12.0,184,0.6521739130434783,180,0.7111111111111111,178,0.8258426966292135,184,0.5,180,0.5,178,0.4887640449438202,172,0.5116279069767442,0.024298796199226962,0.019883806042536256,-0.024790455318266732,-0.019349716754047508,0.049265896058640096,0.04014491042526497,-0.04735696596352337,-0.03881175310504503
out_of_sample,TLT,tsmom_252,tsmom,1695,47,6.987610619469026,48,35.3125,4.5,1.0,19.0,47,0.574468085106383,47,0.6808510638297872,45,0.7777777777777778,47,0.5106382978723404,47,0.46808510638297873,45,0.5111111111111111,40,0.425,0.024493868827636156,0.019312778366555428,-0.025319555813387025,-0.016482488324628508,0.04656698772653957,0.03424815182377211,-0.04985224843139159,-0.03199338115040229
out_of_sample,TLT,tsmom_63,tsmom,1695,122,18.138053097345132,123,13.78048780487805,4,2.0,9.0,122,0.6311475409836066,122,0.7950819672131147,122,0.8360655737704918,122,0.47540983606557374,122,0.48360655737704916,122,0.5163934426229508,120,0.49166666666666664,0.021970591491682033,0.016930721211501354,-0.022674766709856055,-0.019026680557818976,0.045013916839514174,0.03483396072148781,-0.044454776928894386,-0.035872584122687345
out_of_sample,XLE,ewmac_16_64,ewmac,1695,30,4.460176991150442,31,54.67741935483871,43,20.5,74.5,30,0.03333333333333333,30,0.06666666666666667,30,0.23333333333333334,30,0.5,30,0.6,30,0.4666666666666667,29,0.4482758620689655,0.04971929990595977,0.030980132935209348,-0.052701592235216796,-0.03396814516511126,0.09307160146766032,0.045152569309372614,-0.09425857294665199,-0.09059841118526779
out_of_sample,XLE,ewmac_32_128,ewmac,1695,18,2.6761061946902656,19,89.21052631578948,52,18.0,113.0,18,0.05555555555555555,18,0.1111111111111111,18,0.3333333333333333,18,0.5,18,0.3333333333333333,18,0.2777777777777778,18,0.3888888888888889,0.03159862151069969,0.014044792534458395,-0.07233577560552214,-0.06370764644471938,0.08970150153522105,0.042789561437335255,-0.09834653400800462,-0.10627848232856246
out_of_sample,XLE,ewmac_64_256,ewmac,1695,3,0.44601769911504424,4,423.75,276.0,229.25,470.5,3,0.0,3,0.0,3,0.0,3,0.3333333333333333,3,0.3333333333333333,3,0.6666666666666666,3,0.6666666666666666,0.0742462002057831,0.030350041724854337,-0.039566066199703966,-0.023088905872134635,0.08143357624076446,0.04018438766647359,-0.06132275615432118,-0.03668203674057924
out_of_sample,XLE,ewmac_8_32,ewmac,1695,85,12.63716814159292,86,19.709302325581394,11.0,4.0,27.0,84,0.2976190476190476,84,0.47619047619047616,84,0.6785714285714286,84,0.4880952380952381,84,0.4523809523809524,84,0.4880952380952381,83,0.4457831325301205,0.04633324879799675,0.033510638623108935,-0.05060175676113471,-0.043367308813885674,0.09602013741843168,0.05806825543003158,-0.09777425297098746,-0.08230578129707766
out_of_sample,XLE,lean_ema_cross_12_26,lean_ema_cross,1695,75,11.150442477876107,76,22.30263157894737,13.5,6.0,29.5,74,0.22972972972972974,74,0.3783783783783784,74,0.6216216216216216,74,0.4594594594594595,74,0.4189189189189189,74,0.4594594594594595,73,0.4383561643835616,0.047123908794721385,0.033456084116668394,-0.050951387476585216,-0.045161775959576045,0.09594088745229845,0.056377191396513426,-0.0972492270185496,-0.0802111438303359
out_of_sample,XLE,tsmom_126,tsmom,1695,76,11.299115044247788,77,22.01298701298701,4,1.0,16.0,76,0.5263157894736842,76,0.6447368421052632,76,0.7894736842105263,76,0.5263157894736842,76,0.47368421052631576,76,0.4868421052631579,76,0.4605263157894737,0.05372528438736801,0.034536811097715114,-0.05822776011954768,-0.042110521876567275,0.11721081328216743,0.05894497545105315,-0.12368695816659214,-0.07054879309576123
out_of_sample,XLE,tsmom_21,tsmom,1695,157,23.341592920353982,158,10.727848101265822,4.0,1.0,15.0,153,0.5620915032679739,152,0.6776315789473685,152,0.7960526315789473,153,0.5294117647058824,152,0.5131578947368421,152,0.5,149,0.4966442953020134,0.054393223354372175,0.039230729821565,-0.0514881125810154,-0.03265303705442191,0.10382443095250778,0.07042107217668447,-0.09965003767768406,-0.07715086908019497
out_of_sample,XLE,tsmom_252,tsmom,1695,40,5.946902654867257,41,41.34146341463415,7,3.0,14.0,40,0.45,40,0.625,40,0.775,40,0.5,40,0.5,40,0.5,40,0.575,0.03538914357456781,0.030190057376234813,-0.027541974485104738,-0.03171280447917241,0.090493216767375,0.05305719699447564,-0.07261048376689229,-0.04523325380610804
out_of_sample,XLE,tsmom_63,tsmom,1695,86,12.785840707964601,87,19.482758620689655,5,1.0,20.5,86,0.5116279069767442,86,0.6162790697674418,86,0.7441860465116279,86,0.5348837209302325,86,0.4883720930232558,86,0.5,83,0.5180722891566265,0.04824161400671583,0.041826074716655004,-0.04777646451040807,-0.03124348479025013,0.10189780035682315,0.07195352481492956,-0.09826148333695642,-0.07510358644249471
out_of_sample,XLF,ewmac_16_64,ewmac,1695,35,5.20353982300885,36,47.083333333333336,22.0,4.0,55.0,34,0.29411764705882354,34,0.38235294117647056,34,0.5,34,0.5,34,0.5,34,0.5294117647058824,34,0.5,0.04852809838436382,0.04569348763259451,-0.043880351481929425,-0.03096296107915908,0.07462926949765052,0.060763889609963595,-0.07549326761719105,-0.08508998150703095
out_of_sample,XLF,ewmac_32_128,ewmac,1695,16,2.3787610619469026,17,99.70588235294117,73,29.0,113.0,16,0.0625,16,0.125,16,0.25,16,0.625,16,0.625,16,0.5,16,0.625,0.05405232726303378,0.035086449796008945,-0.027999806075327677,-0.019976615018886923,0.09216472142926682,0.0811438679940914,-0.06504156359845716,-0.047344251090578215
out_of_sample,XLF,ewmac_64_256,ewmac,1695,8,1.1893805309734513,9,188.33333333333334,85,52.0,170.0,8,0.0,8,0.0,8,0.125,8,0.25,8,0.375,8,0.5,8,0.25,0.03930007170193796,0.042238906548956234,-0.07184551276663036,-0.06323634361152136,0.061895811064590814,0.052590681148827756,-0.12449712068958038,-0.08564294201892947
out_of_sample,XLF,ewmac_8_32,ewmac,1695,67,9.961061946902655,68,24.926470588235293,16.5,6.75,33.0,67,0.19402985074626866,67,0.3582089552238806,66,0.5606060606060606,67,0.5522388059701493,67,0.44776119402985076,66,0.5151515151515151,66,0.5303030303030303,0.04306477589645502,0.030569282987923163,-0.04115896783881255,-0.02897027973112809,0.07744689131921524,0.06278577920088446,-0.07862957007415823,-0.0739081143192526
out_of_sample,XLF,lean_ema_cross_12_26,lean_ema_cross,1695,61,9.069026548672566,62,27.338709677419356,20.0,10.0,35.0,61,0.13114754098360656,61,0.29508196721311475,60,0.48333333333333334,61,0.5409836065573771,61,0.4918032786885246,60,0.5166666666666667,60,0.5166666666666667,0.04377055673679409,0.03245874401205756,-0.040653716765072054,-0.024689298214186528,0.07795632184874474,0.05784799061774493,-0.07867461969308363,-0.07070958814701145
out_of_sample,XLF,tsmom_126,tsmom,1695,56,8.325663716814159,57,29.736842105263158,5,2.0,28.0,56,0.5535714285714286,56,0.6428571428571429,56,0.7321428571428571,56,0.48214285714285715,56,0.5535714285714286,56,0.5714285714285714,54,0.5185185185185185,0.03818653807010991,0.03075891621625565,-0.03071480168601615,-0.019480295300459416,0.06822135602086728,0.06030956265882437,-0.058870408654486346,-0.04156525048904236
out_of_sample,XLF,tsmom_21,tsmom,1695,136,20.219469026548673,139,12.179856115107913,4,1.0,21.0,136,0.5294117647058824,136,0.6397058823529411,134,0.7313432835820896,136,0.5441176470588235,136,0.5147058823529411,134,0.5074626865671642,133,0.48872180451127817,0.041971779479455205,0.03088295641289157,-0.03995883234208299,-0.025607393541389356,0.07612735994047243,0.0534229321208981,-0.07539004440807796,-0.050281544813453816
out_of_sample,XLF,tsmom_252,tsmom,1695,26,3.865486725663717,27,62.77777777777778,6,1.5,45.0,26,0.46153846153846156,26,0.5769230769230769,26,0.6923076923076923,26,0.5384615384615384,26,0.5384615384615384,26,0.5769230769230769,26,0.5769230769230769,0.04839529561809239,0.031841904171927116,-0.04364444977057354,-0.023509755163556745,0.08202254269252199,0.07780952967972798,-0.07310817709780511,-0.04191562727826559
out_of_sample,XLF,tsmom_63,tsmom,1695,93,13.826548672566371,94,18.03191489361702,3.0,1.0,12.0,92,0.6195652173913043,92,0.7065217391304348,92,0.8043478260869565,92,0.5652173913043478,92,0.4891304347826087,92,0.5,92,0.5,0.040837357706041785,0.030389685260563848,-0.040617233943103424,-0.029218510552417087,0.06852983751972334,0.05978047617358573,-0.06998169758612968,-0.05637227514239046
out_of_sample,XLI,ewmac_16_64,ewmac,1695,31,4.608849557522124,32,52.96875,31.5,16.5,72.0,31,0.16129032258064516,31,0.1935483870967742,30,0.36666666666666664,31,0.5806451612903226,31,0.6451612903225806,30,0.5333333333333333,30,0.43333333333333335,0.04433289347584303,0.03019385525748952,-0.027273647874303093,-0.023279983670403237,0.07633193952954388,0.06510154571160998,-0.07096383688742401,-0.055737452934173204
out_of_sample,XLI,ewmac_32_128,ewmac,1695,13,1.9327433628318584,14,121.07142857142857,46.0,32.5,192.0,12,0.08333333333333333,12,0.08333333333333333,12,0.16666666666666666,12,0.5833333333333334,12,0.6666666666666666,12,0.75,12,0.6666666666666666,0.07356896900142552,0.049705687053203884,-0.020571745908716205,-0.014788621932360246,0.10125447687538644,0.10189361415316284,-0.06068054423656227,-0.031275554577626874
out_of_sample,XLI,ewmac_64_256,ewmac,1695,4,0.5946902654867257,5,339,138,108.0,438.0,4,0.0,4,0.0,4,0.0,4,0.75,4,0.25,4,0.5,4,0.5,0.06552125993450622,0.04920189172484857,-0.04593310227893832,-0.04343815894040176,0.0953713767297723,0.10107086214370004,-0.10971714396526566,-0.05178425664404468
out_of_sample,XLI,ewmac_8_32,ewmac,1695,61,9.069026548672566,62,27.338709677419356,16.0,6.25,36.25,61,0.22950819672131148,61,0.39344262295081966,61,0.5737704918032787,61,0.6065573770491803,61,0.5573770491803278,61,0.4918032786885246,60,0.5,0.04131480101322143,0.025459860748119123,-0.03404955516122641,-0.028039003870666157,0.07473648503770108,0.04864501014448003,-0.06956703350738941,-0.04912712900432803
out_of_sample,XLI,lean_ema_cross_12_26,lean_ema_cross,1695,53,7.879646017699115,54,31.38888888888889,21.5,8.0,39.75,53,0.20754716981132076,53,0.2830188679245283,53,0.49056603773584906,53,0.6037735849056604,53,0.5849056603773585,53,0.5283018867924528,52,0.4807692307692308,0.04755153809571732,0.031191644599869672,-0.037658679472063056,-0.026893566077699438,0.08187071574615576,0.05642446011706154,-0.07397350453526085,-0.05136270196270998
out_of_sample,XLI,tsmom_126,tsmom,1695,48,7.136283185840708,49,34.59183673469388,4,1.0,20.0,48,0.5833333333333334,48,0.6875,47,0.7659574468085106,48,0.5625,48,0.5208333333333334,47,0.5319148936170213,46,0.5434782608695652,0.056320102320476316,0.03589637529908862,-0.047023432394712364,-0.0256617720812522,0.08292159818080895,0.06039170320651871,-0.07711136935187665,-0.050487725750875234
out_of_sample,XLI,tsmom_21,tsmom,1695,162,24.084955752212387,164,10.323170731707316,3.0,1.0,14.5,162,0.6172839506172839,162,0.6975308641975309,162,0.808641975308642,162,0.5246913580246914,162,0.4876543209876543,162,0.5,153,0.477124183006536,0.035717471050635934,0.023632679849431515,-0.03309752128321339,-0.025374682728612874,0.06819207340958189,0.043779929436392084,-0.06737165683243371,-0.04304981238161898
out_of_sample,XLI,tsmom_252,tsmom,1695,30,4.460176991150442,31,54.67741935483871,4,1.0,34.5,30,0.5666666666666667,30,0.6333333333333333,30,0.6666666666666666,30,0.4666666666666667,30,0.5333333333333333,30,0.5,30,0.5333333333333333,0.06342054892415412,0.02239355804217069,-0.06399347314789179,-0.03303039440736483,0.09051637215094775,0.05609015011771512,-0.09324738252102324,-0.042911226425216276
out_of_sample,XLI,tsmom_63,tsmom,1695,107,15.907964601769912,108,15.694444444444445,3.0,1.0,14.0,107,0.616822429906542,107,0.719626168224299,103,0.8155339805825242,107,0.48598130841121495,107,0.4953271028037383,103,0.4854368932038835,102,0.47058823529411764,0.032323868193193155,0.02715849400632564,-0.0355476439803623,-0.02875830471266294,0.06079764490163449,0.04795555765267123,-0.06687389327958573,-0.05162233312985942
out_of_sample,XLK,ewmac_16_64,ewmac,1695,26,3.865486725663717,27,62.77777777777778,45,13.0,73.5,26,0.11538461538461539,26,0.19230769230769232,26,0.38461538461538464,26,0.5,26,0.4230769230769231,26,0.5384615384615384,26,0.46153846153846156,0.04944781252864903,0.04471465394295093,-0.04875252976568735,-0.048579644263424926,0.10081540274977965,0.09485719925080266,-0.09579256117112918,-0.06650465872599465
out_of_sample,XLK,ewmac_32_128,ewmac,1695,10,1.4867256637168142,11,154.0909090909091,108,42.0,165.5,10,0.0,10,0.1,10,0.2,10,0.5,10,0.4,10,0.5,10,0.6,0.07596782997551632,0.07770741361586975,-0.06210881651732075,-0.04868177315299732,0.12898846886581766,0.12492243132426178,-0.13298108165775746,-0.08222538733548962
out_of_sample,XLK,ewmac_64_256,ewmac,1695,4,0.5946902654867257,5,339,344,213.0,518.0,4,0.0,4,0.0,4,0.0,4,0.75,4,0.5,4,0.75,4,0.5,0.03664308444887038,0.04415568780483092,-0.06841255065526355,-0.06186439234480845,0.11516743871845328,0.10333606236152248,-0.11514613142726657,-0.07830277808928221
out_of_sample,XLK,ewmac_8_32,ewmac,1695,54,8.028318584070796,55,30.818181818181817,15,9.0,44.0,54,0.12962962962962962,54,0.37037037037037035,54,0.6296296296296297,54,0.5185185185185185,54,0.5,54,0.5,52,0.46153846153846156,0.04976336589270539,0.03639399462380033,-0.04379041721238999,-0.04193974029487685,0.09635192328212656,0.07812412985226569,-0.08480266239818746,-0.07173681464759618
out_of_sample,XLK,lean_ema_cross_12_26,lean_ema_cross,1695,52,7.730973451327434,53,31.9811320754717,18,9.0,45.0,52,0.11538461538461539,52,0.3269230769230769,52,0.5961538461538461,52,0.5384615384615384,52,0.4807692307692308,52,0.5192307692307693,50,0.48,0.049513647317076866,0.03402573974979051,-0.04341002751585987,-0.0377771286206261,0.09697953565862072,0.07847538958491945,-0.08748104369956727,-0.07323246515727144
out_of_sample,XLK,tsmom_126,tsmom,1695,54,8.028318584070796,55,30.818181818181817,3,1.0,15.0,54,0.6481481481481481,54,0.7222222222222222,54,0.8333333333333334,54,0.5740740740740741,54,0.5370370370370371,54,0.5,54,0.5185185185185185,0.05093976902698667,0.03923072729415422,-0.05932498764055266,-0.04353317540775703,0.10173309514962488,0.08878826352422198,-0.11580999764247334,-0.08211656786887056
out_of_sample,XLK,tsmom_21,tsmom,1695,150,22.300884955752213,151,11.225165562913908,4,1.0,14.0,150,0.6133333333333333,149,0.697986577181208,144,0.8125,150,0.52,149,0.4966442953020134,144,0.4930555555555556,141,0.5035460992907801,0.044381814841940995,0.037363396501208734,-0.04308610152473447,-0.04023390400090132,0.08963477421233977,0.06547630078695788,-0.08538951593251494,-0.07102540592864803
out_of_sample,XLK,tsmom_252,tsmom,1695,18,2.6761061946902656,19,89.21052631578948,7,2.0,33.5,18,0.5,18,0.6111111111111112,18,0.7777777777777778,18,0.5,18,0.5555555555555556,18,0.5555555555555556,18,0.5555555555555556,0.0666290933207588,0.06018560031507164,-0.07321329556792629,-0.07130032592100388,0.1296782908109831,0.10548815198685862,-0.1366271924779156,-0.1283553379081948
out_of_sample,XLK,tsmom_63,tsmom,1695,82,12.191150442477875,83,20.42168674698795,4,1.5,15.0,82,0.6097560975609756,79,0.7088607594936709,77,0.7922077922077922,82,0.45121951219512196,79,0.4936708860759494,77,0.4935064935064935,74,0.4864864864864865,0.04623139195249119,0.04182730473013985,-0.04663394804220821,-0.03907585502266331,0.10288438398276827,0.08519734916065791,-0.10213910187141961,-0.08806592550977693
out_of_sample,XLP,ewmac_16_64,ewmac,1695,41,6.095575221238938,42,40.357142857142854,26.0,13.25,51.0,41,0.1951219512195122,41,0.24390243902439024,40,0.375,41,0.5609756097560976,41,0.5609756097560976,40,0.5,40,0.475,0.026666823038716862,0.02262411611892845,-0.027515611332536993,-0.022800115471153237,0.04478651866641899,0.03264204372495705,-0.053916665181990495,-0.05574462885946285
out_of_sample,XLP,ewmac_32_128,ewmac,1695,16,2.3787610619469026,17,99.70588235294117,69,28.0,103.0,16,0.0625,16,0.125,16,0.1875,16,0.6875,16,0.6875,16,0.4375,16,0.375,0.04045123946470183,0.03688011316884843,-0.022751303070108544,-0.02418670704226894,0.05824984817593088,0.04435361864850945,-0.055082644488173696,-0.04730936576490247
out_of_sample,XLP,ewmac_64_256,ewmac,1695,10,1.4867256637168142,11,154.0909090909091,64,26.5,196.0,10,0.0,10,0.1,10,0.2,10,0.4,10,0.4,10,0.3,10,0.4,0.015842505349509726,0.012859474797188353,-0.037884868636536985,-0.048475882351736777,0.033130700553982886,0.020664954088933207,-0.0704600351927099,-0.05560138178476126
out_of_sample,XLP,ewmac_8_32,ewmac,1695,71,10.55575221238938,72,23.541666666666668,19.5,6.0,35.5,71,0.19718309859154928,71,0.39436619718309857,70,0.5428571428571428,71,0.4507042253521127,71,0.5070422535211268,70,0.45714285714285713,70,0.5142857142857142,0.02689296215301734,0.017674925386088225,-0.02546468794404263,-0.019535310039246523,0.045398829895603725,0.0370018934537194,-0.047506442907868617,-0.04446280285790638
out_of_sample,XLP,lean_ema_cross_12_26,lean_ema_cross,1695,65,9.663716814159292,66,25.681818181818183,22.0,7.5,38.5,65,0.15384615384615385,65,0.36923076923076925,64,0.453125,65,0.4153846153846154,65,0.5692307692307692,64,0.484375,64,0.484375,0.02645981240021838,0.021278570362036064,-0.024958083546548594,-0.0175831955886801,0.0437101294648212,0.03330698298058721,-0.04637965329270781,-0.042186027498898326
out_of_sample,XLP,tsmom_126,tsmom,1695,99,14.71858407079646,100,16.95,3.0,1.0,12.25,98,0.6428571428571429,97,0.7319587628865979,93,0.8279569892473119,98,0.4387755102040816,97,0.4639175257731959,93,0.5053763440860215,92,0.42391304347826086,0.02740320865243301,0.020720600466162198,-0.028654394915447436,-0.021959442515871785,0.04326130999109134,0.03145962365086985,-0.04658622585387356,-0.03481830368708849
out_of_sample,XLP,tsmom_21,tsmom,1695,155,23.04424778761062,156,10.865384615384615,4.0,1.0,17.0,155,0.567741935483871,155,0.6516129032258065,154,0.8116883116883117,155,0.47096774193548385,155,0.45806451612903226,154,0.487012987012987,144,0.4861111111111111,0.02543507072535839,0.01942594190798963,-0.024456852779835347,-0.02087290804016695,0.045117877597318945,0.03516418126905174,-0.04427028725872362,-0.03812209639779912
out_of_sample,XLP,tsmom_252,tsmom,1695,70,10.4070796460177,71,23.87323943661972,2,1.0,7.5,70,0.6857142857142857,70,0.8142857142857143,70,0.8714285714285714,70,0.4714285714285714,70,0.42857142857142855,70,0.5142857142857142,70,0.5142857142857142,0.027476593585786576,0.026638478449986958,-0.036143042576903386,-0.02474407621773378,0.04605939527463269,0.046496284716222414,-0.053456533230271816,-0.04372357712001251
out_of_sample,XLP,tsmom_63,tsmom,1695,113,16.8,114,14.868421052631579,3.5,1.0,9.75,113,0.6548672566371682,111,0.7657657657657657,110,0.8090909090909091,113,0.45132743362831856,111,0.5135135135135135,110,0.4727272727272727,110,0.4636363636363636,0.028280961215041884,0.02164816359764188,-0.030914390624149454,-0.021730645242993174,0.04909876855500453,0.03837956076722793,-0.05375924489247575,-0.040165578038908134
out_of_sample,XLU,ewmac_16_64,ewmac,1695,39,5.7982300884955755,40,42.375,37.5,19.75,48.75,39,0.02564102564102564,39,0.10256410256410256,39,0.2564102564102564,39,0.4358974358974359,39,0.46153846153846156,39,0.5128205128205128,38,0.3684210526315789,0.03735883287592021,0.02284391480908321,-0.03094235122445411,-0.02242010678563089,0.05276972489535716,0.040797610718204536,-0.0703764662926415,-0.06564042062327102
out_of_sample,XLU,ewmac_32_128,ewmac,1695,15,2.230088495575221,16,105.9375,48.0,30.0,107.25,15,0.0,15,0.13333333333333333,15,0.2,15,0.4666666666666667,15,0.6666666666666666,15,0.3333333333333333,14,0.42857142857142855,0.03811412090333013,0.02677367990434054,-0.04103032647920975,-0.034409410210051394,0.05791151692331623,0.05267635637934631,-0.08727348079878222,-0.08335295162600309
out_of_sample,XLU,ewmac_64_256,ewmac,1695,9,1.3380530973451328,10,169.5,63.0,27.5,185.5,8,0.0,8,0.0,8,0.125,8,0.375,8,0.5,8,0.375,8,0.5,0.020732044539941208,0.019256315241725885,-0.043007704851579856,-0.04717287788395813,0.039605610096945965,0.031226173005296898,-0.07188160265035319,-0.074431861142436
out_of_sample,XLU,ewmac_8_32,ewmac,1695,71,10.55575221238938,72,23.541666666666668,18.0,8.75,32.0,71,0.18309859154929578,71,0.29577464788732394,71,0.5211267605633803,71,0.49295774647887325,71,0.5070422535211268,71,0.5774647887323944,70,0.5,0.038651704221168065,0.03138968696532751,-0.03349436769680192,-0.025548613168881795,0.05982095170671827,0.05223646977055424,-0.064031477045335,-0.06367679158181622
out_of_sample,XLU,lean_ema_cross_12_26,lean_ema_cross,1695,63,9.366371681415929,64,26.484375,25.5,11.75,38.25,63,0.15873015873015872,63,0.2222222222222222,63,0.4603174603174603,63,0.4603174603174603,63,0.5396825396825397,63,0.6031746031746031,62,0.45161290322580644,0.036524051119280525,0.029774348273645446,-0.032503905650393794,-0.025304621932640048,0.058386808479388055,0.049454770574469564,-0.06512514830228659,-0.06886211786204999
out_of_sample,XLU,tsmom_126,tsmom,1695,63,9.366371681415929,64,26.484375,7.0,1.0,31.5,63,0.4603174603174603,63,0.6190476190476191,63,0.7142857142857143,63,0.49206349206349204,63,0.5079365079365079,63,0.5714285714285714,62,0.4032258064516129,0.03845031108428483,0.028243423327750095,-0.031653201524981585,-0.023221041485160354,0.06462421782822238,0.05388928768970985,-0.061354773378553794,-0.04298523249759678
out_of_sample,XLU,tsmom_21,tsmom,1695,118,17.543362831858406,120,14.116666666666667,7.0,1.75,25.0,118,0.4745762711864407,118,0.559322033898305,118,0.6864406779661016,118,0.5254237288135594,118,0.4915254237288136,118,0.5677966101694916,117,0.5042735042735043,0.034484741829796994,0.026056334423622818,-0.030460703705438054,-0.022447367237444116,0.05899830899249697,0.05151451069256574,-0.05588575740913901,-0.05614454223437204
out_of_sample,XLU,tsmom_252,tsmom,1695,57,8.47433628318584,58,29.224137931034484,3.0,1.0,14.75,57,0.6491228070175439,55,0.7272727272727273,54,0.8333333333333334,57,0.47368421052631576,55,0.43636363636363634,54,0.46296296296296297,54,0.4444444444444444,0.04301994599774133,0.0331763852731361,-0.05199732259735785,-0.03759486492128028,0.06901509890452985,0.06234683350546116,-0.08107536536522596,-0.06137955600519923
out_of_sample,XLU,tsmom_63,tsmom,1695,119,17.69203539823009,120,14.125,3.5,1.0,13.0,119,0.6050420168067226,119,0.7142857142857143,117,0.8034188034188035,119,0.453781512605042,119,0.4957983193277311,117,0.5384615384615384,113,0.4690265486725664,0.03143786939981747,0.022173099302402077,-0.032336955293204225,-0.02515403480099554,0.06124269236799221,0.05401357949881236,-0.06962071339182188,-0.06214938637855516
out_of_sample,XLV,ewmac_16_64,ewmac,1695,26,3.865486725663717,27,62.77777777777778,43,31.5,66.5,26,0.038461538461538464,26,0.038461538461538464,26,0.19230769230769232,26,0.5384615384615384,26,0.5,26,0.7307692307692307,26,0.34615384615384615,0.03706191460568646,0.02954338851085936,-0.021073523399068934,-0.014975224608450188,0.05996528367061156,0.04841279031514134,-0.04627338638446933,-0.03282391767645809
out_of_sample,XLV,ewmac_32_128,ewmac,1695,22,3.270796460176991,23,73.69565217391305,49,29.0,73.5,22,0.09090909090909091,22,0.09090909090909091,22,0.22727272727272727,22,0.4090909090909091,22,0.36363636363636365,22,0.5909090909090909,22,0.2727272727272727,0.03139019786522093,0.02646968697351687,-0.03833807787620424,-0.028311203890631076,0.05162167466123727,0.03894502908695402,-0.07237805406781365,-0.059581819268315295
out_of_sample,XLV,ewmac_64_256,ewmac,1695,8,1.1893805309734513,9,188.33333333333334,127,30.0,244.0,8,0.125,8,0.125,8,0.125,8,0.375,8,0.375,8,0.625,8,0.5,0.0280229962631081,0.030543724226431257,-0.03108949429125034,-0.025602715004094,0.04977892836913855,0.051053168195455634,-0.06290433736485034,-0.049219988266483994
out_of_sample,XLV,ewmac_8_32,ewmac,1695,56,8.325663716814159,57,29.736842105263158,21,6.0,46.0,56,0.25,55,0.34545454545454546,54,0.48148148148148145,56,0.5714285714285714,55,0.5636363636363636,54,0.6666666666666666,54,0.5185185185185185,0.03447522079725448,0.027798705223074593,-0.024919749596858224,-0.01699240314521777,0.0621573938593866,0.057536735571105446,-0.051076588343980364,-0.04293204651242222
out_of_sample,XLV,lean_ema_cross_12_26,lean_ema_cross,1695,48,7.136283185840708,49,34.59183673469388,26,12.0,51.0,48,0.1875,47,0.23404255319148937,46,0.391304347826087,48,0.5625,47,0.6170212765957447,46,0.717391304347826,46,0.5,0.03553147237612975,0.03032832263219809,-0.023782102950387882,-0.014595803805230456,0.06316675988581903,0.05555907723370579,-0.049568228389288996,-0.04128364374291449
out_of_sample,XLV,tsmom_126,tsmom,1695,70,10.4070796460177,71,23.87323943661972,4,2.0,17.5,70,0.5714285714285714,70,0.7428571428571429,70,0.7714285714285715,70,0.5,70,0.4857142857142857,70,0.5714285714285714,70,0.42857142857142855,0.036912691395103794,0.03249294536858427,-0.038398593918290674,-0.023953307374586952,0.05931170300890305,0.054294345291809765,-0.06551985462781493,-0.05028079411383868
out_of_sample,XLV,tsmom_21,tsmom,1695,139,20.665486725663715,140,12.107142857142858,4.0,1.0,21.0,137,0.5474452554744526,136,0.6764705882352942,134,0.7313432835820896,137,0.5401459854014599,136,0.5514705882352942,134,0.5298507462686567,130,0.5,0.03138707745637154,0.02593859614665961,-0.02928123366555841,-0.022744680164197728,0.0565713873939415,0.04870548496669358,-0.05269954947341934,-0.04265094749535758
out_of_sample,XLV,tsmom_252,tsmom,1695,52,7.730973451327434,53,31.9811320754717,3,1.0,15.0,52,0.6153846153846154,52,0.7115384615384616,52,0.8076923076923077,52,0.4807692307692308,52,0.4807692307692308,52,0.5,52,0.5384615384615384,0.03533721948753753,0.02326919764232649,-0.039728732394643876,-0.027572509595070183,0.05452296256908518,0.05245324822284153,-0.06084864420121325,-0.04708360122515687
out_of_sample,XLV,tsmom_63,tsmom,1695,128,19.03008849557522,129,13.13953488372093,3,1.0,9.0,128,0.6328125,128,0.7890625,128,0.859375,128,0.5234375,128,0.4609375,128,0.4921875,128,0.4609375,0.029715612031966602,0.02172146020250687,-0.029739895877928385,-0.023876066588355893,0.05177697095378475,0.04811920208949466,-0.0541214741764314,-0.05189401602312593
out_of_sample,XLY,ewmac_16_64,ewmac,1695,31,4.608849557522124,32,52.96875,37.5,12.75,59.5,31,0.06451612903225806,31,0.1935483870967742,30,0.36666666666666664,31,0.45161290322580644,31,0.3870967741935484,30,0.5,28,0.42857142857142855,0.04277908880400934,0.03665694525782981,-0.03873840922185171,-0.0301057557608716,0.08039025720693053,0.06288527142147604,-0.07486446956181529,-0.04862595793758945
out_of_sample,XLY,ewmac_32_128,ewmac,1695,15,2.230088495575221,16,105.9375,47.0,20.25,149.25,15,0.0,15,0.0,14,0.21428571428571427,15,0.6,15,0.4,14,0.5,12,0.4166666666666667,0.04993188370323359,0.036187129419105846,-0.037149360559534564,-0.04061791087949446,0.09043982706878033,0.0793044010403548,-0.07426743223299499,-0.07279222369240124
out_of_sample,XLY,ewmac_64_256,ewmac,1695,5,0.7433628318584071,6,282.5,166.5,53.0,430.75,4,0.0,4,0.0,4,0.0,4,0.25,4,0.75,4,0.75,4,0.75,0.07263867560132245,0.04739485677625743,-0.08128992642589558,-0.029559078634433078,0.11563106835775785,0.12372811106514447,-0.13870796199277616,-0.029559078634433078
out_of_sample,XLY,ewmac_8_32,ewmac,1695,61,9.069026548672566,62,27.338709677419356,17.5,7.0,39.25,61,0.19672131147540983,61,0.3114754098360656,61,0.5573770491803278,61,0.639344262295082,61,0.5081967213114754,61,0.5245901639344263,56,0.5,0.05114228750359794,0.03468443843179214,-0.040623559557078075,-0.03127908370249988,0.08919097958129575,0.06923888602320438,-0.07621116772311955,-0.05574687415968865
out_of_sample,XLY,lean_ema_cross_12_26,lean_ema_cross,1695,61,9.069026548672566,62,27.338709677419356,18.0,7.25,38.5,61,0.21311475409836064,61,0.3442622950819672,60,0.55,61,0.5901639344262295,61,0.45901639344262296,60,0.5166666666666667,54,0.5,0.050128044490182766,0.03552665197731891,-0.04253608856232086,-0.033830101971434434,0.08884506697695736,0.0718384397240659,-0.07748240862531185,-0.0536089153508007
out_of_sample,XLY,tsmom_126,tsmom,1695,84,12.488495575221238,85,19.941176470588236,3,1.0,8.0,84,0.7142857142857143,83,0.7951807228915663,78,0.8333333333333334,84,0.5119047619047619,83,0.5060240963855421,78,0.5,75,0.49333333333333335,0.04430194173171919,0.03204680892517736,-0.04708073352676574,-0.03417984276769653,0.08576037385637482,0.07486668861578616,-0.08592391742650848,-0.07427184813543763
out_of_sample,XLY,tsmom_21,tsmom,1695,165,24.530973451327434,166,10.210843373493976,4.0,1.0,12.75,165,0.5696969696969697,165,0.7090909090909091,165,0.793939393939394,165,0.4484848484848485,165,0.509090909090909,165,0.48484848484848486,160,0.4875,0.04261993987946082,0.03240658023540721,-0.039688746600733474,-0.030387801361131395,0.0827011107757773,0.0700581875909504,-0.0787668084622056,-0.06036454765019378
out_of_sample,XLY,tsmom_252,tsmom,1695,31,4.608849557522124,32,52.96875,2.0,1.0,25.25,31,0.6129032258064516,31,0.6774193548387096,29,0.7586206896551724,31,0.4838709677419355,31,0.5483870967741935,29,0.5517241379310345,22,0.5909090909090909,0.06400082022363021,0.04918878244388547,-0.05566391307032177,-0.03211893965786916,0.11845178082578577,0.14482715001712698,-0.11227576385433584,-0.09213076095956196
out_of_sample,XLY,tsmom_63,tsmom,1695,95,14.123893805309734,96,17.65625,3.0,1.0,15.5,95,0.6210526315789474,95,0.6947368421052632,93,0.7741935483870968,95,0.5894736842105263,95,0.5052631578947369,93,0.46236559139784944,84,0.47619047619047616,0.040665163457702894,0.033053370281487915,-0.03442321801050741,-0.02793338512294774,0.07413879198169987,0.06516082253664002,-0.06955259144853074,-0.05967364171211431
selection,GLD,ewmac_16_64,ewmac,3742,75,5.050774986638161,76,49.23684210526316,30.0,14.75,77.5,74,0.13513513513513514,74,0.21621621621621623,74,0.36486486486486486,74,0.4864864864864865,74,0.5540540540540541,74,0.4189189189189189,73,0.4794520547945205,0.02856022787776344,0.022328360117072288,-0.029870465861181087,-0.019486360364013855,0.05679727337932419,0.046308063182073145,-0.061725575652564736,-0.04056235097297889
selection,GLD,ewmac_32_128,ewmac,3678,25,1.7128874388254487,26,141.46153846153845,95.5,38.75,170.5,25,0.0,25,0.0,25,0.16,25,0.32,25,0.52,25,0.64,25,0.56,0.029227374958528417,0.023968769737225948,-0.025388711406254892,-0.022393185868222476,0.05454129456980459,0.045682877644839914,-0.04756359658814605,-0.032396004874917006
selection,GLD,ewmac_64_256,ewmac,3550,10,0.7098591549295775,11,322.72727272727275,192,103.5,519.5,10,0.0,10,0.0,10,0.0,10,0.6,10,0.6,10,0.4,10,0.4,0.028090784829689554,0.01431350442508228,-0.023518711992152053,-0.013381598504196512,0.04850584302565375,0.033979875132004234,-0.06213976912626366,-0.0382854814424331
selection,GLD,ewmac_8_32,ewmac,3773,139,9.283858998144712,140,26.95,19.0,8.0,35.25,139,0.17266187050359713,138,0.34782608695652173,138,0.5144927536231884,139,0.5323741007194245,138,0.47101449275362317,138,0.5072463768115942,133,0.5037593984962406,0.0298938728091925,0.019693460845316813,-0.028103462779933107,-0.021109085040717512,0.06214472572071669,0.04615266207401214,-0.06042470784316926,-0.038135268528006194
selection,GLD,lean_ema_cross_12_26,lean_ema_cross,3775,129,8.61139072847682,130,29.03846153846154,22.5,8.25,37.75,129,0.13178294573643412,128,0.3203125,128,0.484375,129,0.5348837209302325,128,0.4921875,128,0.5078125,124,0.4838709677419355,0.031097819096956515,0.02300885179745421,-0.02759106760022802,-0.019640758174463535,0.06292622203246646,0.04961795297584504,-0.06002964619913721,-0.03830639830189425
selection,GLD,tsmom_126,tsmom,3679,102,6.986681163359608,105,35.01904761904762,5,1.0,23.0,102,0.5196078431372549,102,0.6078431372549019,102,0.7254901960784313,102,0.5196078431372549,102,0.5196078431372549,102,0.49019607843137253,102,0.5490196078431373,0.030660860323546462,0.019777180698675623,-0.028574824785965968,-0.019857655380538963,0.059408331331946534,0.03990141320176516,-0.05553714043149888,-0.03616469984334919
selection,GLD,tsmom_21,tsmom,3775,363,24.23205298013245,366,10.308743169398907,3.0,1.0,14.75,363,0.5840220385674931,363,0.6887052341597796,362,0.787292817679558,363,0.5041322314049587,363,0.4765840220385675,362,0.49171270718232046,354,0.5141242937853108,0.029805171474758984,0.020923989634220097,-0.02923737597813326,-0.021404591536383466,0.0640655975908889,0.045206403035490506,-0.06313108144598185,-0.040590213754907734
selection,GLD,tsmom_252,tsmom,3553,82,5.815930199831128,83,42.80722891566265,7,1.0,16.0,82,0.5,82,0.573170731707317,82,0.7926829268292683,82,0.5121951219512195,82,0.5121951219512195,82,0.43902439024390244,82,0.4878048780487805,0.026538169510731742,0.023117300374878025,-0.028182479202892796,-0.0246579503084301,0.04931632434067759,0.03655039845009078,-0.05222825321159612,-0.03933719510877287
selection,GLD,tsmom_63,tsmom,3742,205,13.805451630144308,206,18.16504854368932,3.5,1.0,14.75,204,0.5931372549019608,204,0.7107843137254902,204,0.7892156862745098,204,0.5245098039215687,204,0.5196078431372549,204,0.5,203,0.49261083743842365,0.02949612137400723,0.022253473729209494,-0.028256902383432557,-0.023396258026243177,0.059426891489757445,0.0425679914855136,-0.058582170545666765,-0.04416207403178951
selection,IWM,ewmac_16_64,ewmac,3775,66,4.405827814569537,67,56.343283582089555,29,16.0,73.5,66,0.13636363636363635,66,0.19696969696969696,66,0.36363636363636365,66,0.5757575757575758,66,0.5151515151515151,66,0.4393939393939394,65,0.5384615384615384,0.04128580428094415,0.02992780996836919,-0.03949359364010113,-0.03185747345817791,0.0777409856092209,0.059732776208815785,-0.07965940314097074,-0.059855544860287546
selection,IWM,ewmac_32_128,ewmac,3775,32,2.136158940397351,33,114.39393939393939,62,29.0,165.0,32,0.0,32,0.0625,32,0.09375,32,0.625,32,0.46875,32,0.375,31,0.45161290322580644,0.03622698575120284,0.023940559184221832,-0.037061629595379605,-0.0378754534693021,0.07051063871976979,0.04599906318638458,-0.07429508535229773,-0.06098399248963249
selection,IWM,ewmac_64_256,ewmac,3775,12,0.8010596026490067,13,290.38461538461536,94,45.0,512.0,12,0.0,12,0.08333333333333333,12,0.25,12,0.6666666666666666,12,0.25,12,0.5833333333333334,11,0.45454545454545453,0.052830995650578756,0.04299190109295309,-0.03314027066788602,-0.03851536509608716,0.07404762586766828,0.07494820066016783,-0.06595645923143102,-0.06203919383960477
selection,IWM,ewmac_8_32,ewmac,3775,130,8.678145695364238,131,28.81679389312977,21,6.5,40.0,130,0.2230769230769231,130,0.3230769230769231,130,0.4846153846153846,130,0.5,130,0.5692307692307692,130,0.5692307692307692,129,0.5038759689922481,0.03669859217849797,0.033781953440896295,-0.033336444804819725,-0.025684759719556693,0.06670528852914291,0.0531761090215912,-0.06591320003480196,-0.051344457083484896
selection,IWM,lean_ema_cross_12_26,lean_ema_cross,3775,128,8.544635761589404,129,29.26356589147287,22,6.0,40.0,128,0.2265625,128,0.3125,128,0.4765625,128,0.4921875,128,0.5625,128,0.578125,127,0.5039370078740157,0.036076269996575636,0.02945072045225916,-0.03254426728966519,-0.025392489559976972,0.06537185017252874,0.05001960592900745,-0.06478981327554935,-0.05274979132807278
selection,IWM,tsmom_126,tsmom,3775,140,9.345695364238411,141,26.77304964539007,4,1.0,14.0,140,0.6142857142857143,140,0.7142857142857143,140,0.7785714285714286,140,0.4928571428571429,140,0.45714285714285713,140,0.5071428571428571,137,0.48175182481751827,0.034864002900982335,0.03112745629973296,-0.03555936915380716,-0.03143550744605522,0.06721916974106287,0.05466166643897408,-0.0697523699039472,-0.059362635690372256
selection,IWM,tsmom_21,tsmom,3775,357,23.831523178807945,360,10.480555555555556,4.0,1.0,17.25,357,0.5798319327731093,357,0.6666666666666666,357,0.7871148459383753,357,0.4957983193277311,357,0.5238095238095238,357,0.5210084033613446,356,0.5112359550561798,0.034908317377960046,0.027875615238911244,-0.0343296011285768,-0.02944396809350014,0.06753078474852994,0.05680689170303166,-0.06811390471312857,-0.0520199740740005
selection,IWM,tsmom_252,tsmom,3775,78,5.206887417218543,79,47.78481012658228,3,1.0,18.0,78,0.5897435897435898,78,0.6923076923076923,78,0.7692307692307693,78,0.5256410256410257,78,0.5256410256410257,78,0.5128205128205128,77,0.5064935064935064,0.04270343809266361,0.033953903110814254,-0.045382230945063336,-0.03779336186839832,0.07668490059941407,0.058277448959674016,-0.08054442025537777,-0.0659282421185019
selection,IWM,tsmom_63,tsmom,3775,226,15.086622516556291,227,16.629955947136565,3,1.0,13.0,226,0.6238938053097345,226,0.7123893805309734,226,0.8230088495575221,226,0.48672566371681414,226,0.5,226,0.504424778761062,223,0.4977578475336323,0.03894242881713416,0.030201448694834987,-0.04325537460013351,-0.03108783501517698,0.07709850248386162,0.05152922728536735,-0.081172530223031,-0.05228077414990184
selection,QQQ,ewmac_16_64,ewmac,3775,66,4.405827814569537,67,56.343283582089555,31,10.0,76.0,66,0.07575757575757576,66,0.2727272727272727,66,0.3939393939393939,66,0.4090909090909091,66,0.5454545454545454,66,0.45454545454545453,66,0.5454545454545454,0.031647904425908986,0.027683821250254703,-0.037117124763290474,-0.03301189354004169,0.07168909647000853,0.06220886254183566,-0.07673781955575787,-0.06464152334478618
selection,QQQ,ewmac_32_128,ewmac,3775,24,1.6021192052980133,25,151,56,38.0,230.0,24,0.08333333333333333,24,0.08333333333333333,24,0.16666666666666666,24,0.5,24,0.5,24,0.5833333333333334,24,0.5416666666666666,0.03225968609429258,0.027510308648082682,-0.03202452723157036,-0.029369852296989074,0.0660514920558782,0.04490488764127554,-0.0664823878419164,-0.06696593412441498
selection,QQQ,ewmac_64_256,ewmac,3775,10,0.6675496688741722,11,343.1818181818182,221,51.5,356.0,10,0.0,10,0.0,10,0.0,10,0.5,10,0.7,10,0.5,10,0.4,0.027916084604219772,0.024933711174353834,-0.03552021450997337,-0.020858585832397025,0.07361137806966263,0.06414983799915663,-0.07770665721682209,-0.07424484656776242
selection,QQQ,ewmac_8_32,ewmac,3775,146,9.746225165562914,147,25.68027210884354,14,5.5,33.0,146,0.2465753424657534,146,0.4041095890410959,146,0.6164383561643836,146,0.4931506849315068,146,0.5068493150684932,146,0.5068493150684932,145,0.496551724137931,0.03273216186374784,0.025995273622139936,-0.03342504006423669,-0.02658070873552565,0.06320236150242262,0.053118404256145446,-0.066157914952341,-0.05575702890761458
selection,QQQ,lean_ema_cross_12_26,lean_ema_cross,3775,128,8.544635761589404,129,29.26356589147287,18,7.0,38.0,128,0.2109375,128,0.34375,128,0.5546875,128,0.4765625,128,0.5546875,128,0.5,127,0.49606299212598426,0.03379660210575719,0.029092187132236158,-0.033590077276115474,-0.02658070873552565,0.06429146069330814,0.051415856468183474,-0.06629823682837153,-0.05680141207012901
selection,QQQ,tsmom_126,tsmom,3775,100,6.675496688741722,101,37.37623762376238,4,1.0,15.0,100,0.58,100,0.68,100,0.76,100,0.49,100,0.56,100,0.54,100,0.51,0.039525140079553406,0.03282517182930467,-0.03592812946658373,-0.025712308128360506,0.0773487662588769,0.06903654888292121,-0.07496370847879126,-0.06692602680569743
selection,QQQ,tsmom_21,tsmom,3775,326,21.762119205298013,330,11.427272727272728,4.0,1.0,15.5,326,0.5736196319018405,326,0.6809815950920245,326,0.7699386503067485,326,0.5153374233128835,326,0.5429447852760736,326,0.49693251533742333,323,0.5046439628482973,0.03379304328314198,0.029924628189979707,-0.031225878808565123,-0.024402396351797306,0.06652580712569348,0.05362322951633902,-0.06427403068350801,-0.052531441070434726
selection,QQQ,tsmom_252,tsmom,3775,76,5.073377483443709,77,49.02597402597402,3,1.0,11.0,76,0.5921052631578947,76,0.7368421052631579,76,0.8026315789473685,76,0.5,76,0.5131578947368421,76,0.5263157894736842,76,0.4868421052631579,0.0348360385457387,0.03299388787927626,-0.037660261741439965,-0.02745484428944056,0.08031388062106995,0.05867093769941878,-0.0839026688807668,-0.06034074931712713
selection,QQQ,tsmom_63,tsmom,3775,160,10.680794701986756,161,23.4472049689441,5,2.0,17.0,160,0.55625,160,0.675,160,0.76875,160,0.45,160,0.45,160,0.475,157,0.5095541401273885,0.03344767625074443,0.023856602004552974,-0.038094752314073325,-0.02923819372774028,0.07392591457488544,0.06494212656132536,-0.07735467096971013,-0.070894609582274
selection,SPY,ewmac_16_64,ewmac,3775,50,3.337748344370861,51,74.01960784313725,43,19.0,92.5,50,0.06,50,0.16,50,0.3,50,0.56,50,0.6,50,0.56,50,0.56,0.030084924355959712,0.02860101150519173,-0.024053688153990553,-0.02323766499974833,0.055321904935826276,0.05250946080491414,-0.0530589884504296,-0.04297623984348986
selection,SPY,ewmac_32_128,ewmac,3775,26,1.7356291390728478,27,139.8148148148148,69,9.5,186.5,26,0.19230769230769232,26,0.2692307692307692,26,0.34615384615384615,26,0.38461538461538464,26,0.46153846153846156,26,0.5769230769230769,26,0.5384615384615384,0.021355543538772094,0.02359038548398823,-0.03374150513839845,-0.03236645456006504,0.05344397509993313,0.05398189678301546,-0.05999124551975729,-0.05188892018720781
selection,SPY,ewmac_64_256,ewmac,3775,12,0.8010596026490067,13,290.38461538461536,61,35.0,508.0,12,0.08333333333333333,12,0.08333333333333333,12,0.25,12,0.25,12,0.4166666666666667,12,0.3333333333333333,12,0.3333333333333333,0.021056359651623575,0.018630210768580235,-0.04234482427097749,-0.04122628127287847,0.04480489095503532,0.03987309316442339,-0.07804988931011915,-0.08370344814339703
selection,SPY,ewmac_8_32,ewmac,3775,148,9.879735099337749,149,25.335570469798657,12,5.0,37.0,148,0.2905405405405405,148,0.4391891891891892,148,0.6148648648648649,148,0.4527027027027027,148,0.5337837837837838,148,0.5,147,0.4965986394557823,0.02549147890248985,0.02162854484620791,-0.02819218678287147,-0.0237671724126427,0.050510836149260344,0.038767514313863716,-0.05431386070374854,-0.03734324778765219
selection,SPY,lean_ema_cross_12_26,lean_ema_cross,3775,138,9.212185430463576,139,27.158273381294965,15,6.0,39.0,138,0.2463768115942029,138,0.4057971014492754,138,0.5797101449275363,138,0.4492753623188406,138,0.5289855072463768,138,0.5072463768115942,137,0.4744525547445255,0.025452431651722292,0.02136324933940903,-0.02751229879395718,-0.024643707279498828,0.048772858446353706,0.034657476888627636,-0.05161296328555815,-0.03771763621283064
selection,SPY,tsmom_126,tsmom,3775,94,6.274966887417219,95,39.73684210526316,3,1.0,17.5,94,0.6382978723404256,94,0.7340425531914894,94,0.7659574468085106,94,0.43617021276595747,94,0.5319148936170213,94,0.48936170212765956,94,0.5,0.031460737127490826,0.024489390521885923,-0.029681886091691177,-0.02420884183943206,0.058589146377629034,0.046361543258018556,-0.057007128018913646,-0.04530366391172819
selection,SPY,tsmom_21,tsmom,3775,332,22.162649006622516,334,11.29940119760479,3.0,1.0,14.75,332,0.5843373493975904,332,0.7108433734939759,332,0.7801204819277109,332,0.48493975903614456,332,0.5150602409638554,332,0.4939759036144578,329,0.5045592705167173,0.026220077121184984,0.021971899441843745,-0.027363477416642298,-0.021578411057601055,0.052395539833364986,0.039766654445089866,-0.05336630949103539,-0.04129403638594309
selection,SPY,tsmom_252,tsmom,3775,50,3.337748344370861,51,74.01960784313725,3,2.0,16.0,50,0.64,50,0.72,50,0.78,50,0.5,50,0.54,50,0.5,50,0.52,0.03135794122155848,0.02695026350766816,-0.031044706125323906,-0.027752886913790964,0.05136685950860823,0.04656405316757095,-0.05336457290203456,-0.041227346203212056
selection,SPY,tsmom_63,tsmom,3775,180,12.0158940397351,181,20.85635359116022,3,1.0,19.0,180,0.6,180,0.7111111111111111,180,0.7666666666666667,180,0.4777777777777778,180,0.49444444444444446,180,0.5111111111111111,175,0.49714285714285716,0.027390260316411553,0.0215256729150749,-0.02938937865120298,-0.02224127572805812,0.051174982759468114,0.041358429582798006,-0.054596744522571516,-0.04047216430248468
selection,TLT,ewmac_16_64,ewmac,3775,77,5.140132450331126,78,48.3974358974359,27.5,8.25,59.75,77,0.15584415584415584,77,0.2987012987012987,76,0.4473684210526316,77,0.4935064935064935,77,0.4805194805194805,76,0.5,74,0.527027027027027,0.019191274300214757,0.015526846305417563,-0.022613007994344965,-0.018854887299182055,0.04121284122094394,0.0393254344264502,-0.041003081837273275,-0.036107185863234026
selection,TLT,ewmac_32_128,ewmac,3775,30,2.0026490066225167,31,121.7741935483871,104,48.0,188.0,30,0.0,30,0.03333333333333333,30,0.13333333333333333,30,0.5,30,0.5333333333333333,30,0.5666666666666667,30,0.5666666666666667,0.02575535121220749,0.020102641921347697,-0.0198878740671654,-0.015919768140977286,0.04292486832684514,0.04194292752010653,-0.032438573074041646,-0.023059590914070893
selection,TLT,ewmac_64_256,ewmac,3775,22,1.4686092715231789,23,164.1304347826087,111,35.0,208.5,22,0.0,22,0.045454545454545456,22,0.18181818181818182,22,0.3181818181818182,22,0.5,22,0.45454545454545453,22,0.5,0.017148409660187092,0.01440157065684683,-0.024834965739135816,-0.014794631389243695,0.03761173100981032,0.030208995895813495,-0.040965521053988804,-0.028395414313362177
selection,TLT,ewmac_8_32,ewmac,3775,149,9.946490066225167,150,25.166666666666668,16.0,6.0,35.0,149,0.2483221476510067,149,0.38926174496644295,148,0.581081081081081,149,0.4697986577181208,149,0.4697986577181208,148,0.5067567567567568,146,0.4863013698630137,0.02130343270446484,0.016163859087246657,-0.02492322604235019,-0.01976206630525862,0.04498358167094954,0.030534970783765103,-0.048834087627497094,-0.03363850204738145
selection,TLT,lean_ema_cross_12_26,lean_ema_cross,3775,135,9.011920529801325,136,27.75735294117647,19.5,7.75,41.5,135,0.17777777777777778,135,0.31851851851851853,134,0.5074626865671642,135,0.4962962962962963,135,0.4666666666666667,134,0.5223880597014925,132,0.48484848484848486,0.021081939113962313,0.016251451778062753,-0.02260348039968207,-0.01771958834538334,0.04462046563976818,0.029657729288246504,-0.046391731889623,-0.0335918056388968
selection,TLT,tsmom_126,tsmom,3775,106,7.0760264900662255,107,35.2803738317757,4,1.0,25.5,106,0.5660377358490566,106,0.6698113207547169,106,0.7264150943396226,106,0.5566037735849056,106,0.5377358490566038,106,0.5188679245283019,106,0.5188679245283019,0.022528230682416907,0.019835391497573962,-0.01868223720892829,-0.012384868744905131,0.042848539062144905,0.0391595968443198,-0.039555713265379266,-0.029578621267462135
selection,TLT,tsmom_21,tsmom,3775,357,23.831523178807945,358,10.544692737430168,4.0,1.0,14.0,357,0.5770308123249299,356,0.7106741573033708,355,0.8084507042253521,357,0.47619047619047616,356,0.4887640449438202,355,0.5014084507042254,350,0.49142857142857144,0.023528080007070008,0.017778726475492168,-0.0235856635376475,-0.020163503272160654,0.04777757273408409,0.03531261870142577,-0.048480410699399186,-0.03366430686064953
selection,TLT,tsmom_252,tsmom,3775,74,4.939867549668874,75,50.333333333333336,4,1.0,22.0,74,0.5945945945945946,74,0.7162162162162162,74,0.7432432432432432,74,0.5540540540540541,74,0.5405405405405406,74,0.4864864864864865,74,0.527027027027027,0.023079805923227104,0.017037262868686953,-0.022560376004464172,-0.017038157360801387,0.04605606930343028,0.02560151194821686,-0.04565913418086934,-0.02354409265887364
selection,TLT,tsmom_63,tsmom,3775,211,14.085298013245032,212,17.806603773584907,3.0,1.0,9.25,211,0.6492890995260664,211,0.7630331753554502,209,0.8229665071770335,211,0.5213270142180095,211,0.5308056872037915,209,0.507177033492823,208,0.4951923076923077,0.022613650938455496,0.017595363773384776,-0.02093774660936071,-0.01669006107121962,0.04195648471351288,0.035450417809912926,-0.03929723363077103,-0.02970184004016252
selection,XLE,ewmac_16_64,ewmac,3775,74,4.939867549668874,75,50.333333333333336,31,15.0,72.0,74,0.0945945945945946,74,0.14864864864864866,72,0.3333333333333333,74,0.47297297297297297,74,0.5540540540540541,72,0.5277777777777778,71,0.5070422535211268,0.03708145608576128,0.028406118333421826,-0.045669232586239186,-0.03339319473159574,0.08191263141679365,0.07317193116386489,-0.08706543910647482,-0.07867947144855081
selection,XLE,ewmac_32_128,ewmac,3775,32,2.136158940397351,33,114.39393939393939,83,12.0,158.0,32,0.1875,31,0.22580645161290322,31,0.2903225806451613,32,0.40625,31,0.4838709677419355,31,0.45161290322580644,31,0.5483870967741935,0.03189787669925305,0.02209695595067207,-0.048351330656222005,-0.041210357531708874,0.08622545685463101,0.07811757076400616,-0.08252802681159903,-0.04458745080372806
selection,XLE,ewmac_64_256,ewmac,3775,15,1.0013245033112583,16,235.9375,202.0,66.5,275.75,15,0.0,15,0.13333333333333333,15,0.13333333333333333,15,0.6,15,0.4666666666666667,15,0.6666666666666666,15,0.6666666666666666,0.0684873546053695,0.048236918191476574,-0.04417658777091768,-0.017789645967360324,0.11087289675347088,0.08302365279194734,-0.0651605071746353,-0.03841465813959399
selection,XLE,ewmac_8_32,ewmac,3775,126,8.411125827814569,127,29.724409448818896,21,8.0,43.0,126,0.1746031746031746,126,0.29365079365079366,125,0.472,126,0.5873015873015873,126,0.6031746031746031,125,0.552,123,0.5121951219512195,0.04513229875836639,0.040478222546799,-0.03444161062162045,-0.023840762767248003,0.07979500275749174,0.06376154775270348,-0.07264366752186496,-0.06003182748572011
selection,XLE,lean_ema_cross_12_26,lean_ema_cross,3775,116,7.743576158940398,117,32.26495726495727,23,11.0,47.0,116,0.1206896551724138,116,0.2413793103448276,114,0.4298245614035088,116,0.5603448275862069,116,0.603448275862069,114,0.543859649122807,113,0.4690265486725664,0.043632976656643466,0.036873457838821844,-0.03665160397191224,-0.029855558979610675,0.07827816382604032,0.06008615805045858,-0.07598228248329385,-0.06478749201748946
selection,XLE,tsmom_126,tsmom,3775,150,10.013245033112582,151,25,3,1.0,12.5,146,0.636986301369863,145,0.7310344827586207,141,0.7730496453900709,146,0.4726027397260274,145,0.5241379310344828,141,0.5177304964539007,139,0.48201438848920863,0.04139871086036481,0.03285980206898942,-0.04387180661713176,-0.03026557333298663,0.08289787501494775,0.06298145478550299,-0.0844092463882676,-0.06413909032115561
selection,XLE,tsmom_21,tsmom,3775,337,22.496423841059602,343,10.991253644314869,4,1.0,16.0,337,0.5845697329376854,337,0.6943620178041543,335,0.7880597014925373,337,0.516320474777448,337,0.5252225519287834,335,0.4925373134328358,334,0.5029940119760479,0.0456164245845416,0.03672531004807145,-0.044369413475086,-0.029991259231289202,0.08140893167164738,0.06360544015323888,-0.08111952799299038,-0.06308180381522693
selection,XLE,tsmom_252,tsmom,3775,104,6.942516556291391,105,35.95238095238095,4,1.0,11.0,104,0.6057692307692307,104,0.75,103,0.8252427184466019,104,0.49038461538461536,104,0.5096153846153846,103,0.5339805825242718,103,0.5048543689320388,0.036827784043066254,0.030965628984197524,-0.03690113349101439,-0.03309107187095672,0.0763306530461681,0.05026905837116136,-0.07443609969240562,-0.05608577498931133
selection,XLE,tsmom_63,tsmom,3775,254,16.955761589403973,254,14.862204724409448,3.0,1.0,12.0,254,0.610236220472441,253,0.7272727272727273,250,0.832,254,0.547244094488189,253,0.5019762845849802,250,0.524,249,0.5100401606425703,0.04138912012439741,0.033956081256175996,-0.04403421306076046,-0.035177842701976936,0.08628057495678512,0.07537323668039275,-0.0896985377255876,-0.0731665651661515
selection,XLF,ewmac_16_64,ewmac,3775,62,4.138807947019868,63,59.92063492063492,40,12.5,76.0,62,0.12903225806451613,62,0.20967741935483872,62,0.3709677419354839,62,0.4032258064516129,62,0.43548387096774194,62,0.45161290322580644,62,0.46774193548387094,0.030078561480826414,0.017882766893419444,-0.04008023946646055,-0.030233758924948284,0.06037701216935777,0.04746819994637852,-0.07148704188971,-0.0454602907899222
selection,XLF,ewmac_32_128,ewmac,3775,22,1.4686092715231789,23,164.1304347826087,93,43.0,175.5,22,0.045454545454545456,22,0.09090909090909091,22,0.13636363636363635,22,0.5909090909090909,22,0.45454545454545453,22,0.5909090909090909,22,0.6363636363636364,0.03296771622725409,0.02885926346996448,-0.028653914120849187,-0.018064908928992263,0.07481724002354088,0.05726593598010954,-0.05602940326575969,-0.050160480989662304
selection,XLF,ewmac_64_256,ewmac,3775,14,0.9345695364238411,15,251.66666666666666,155,55.0,373.5,14,0.0,14,0.07142857142857142,14,0.14285714285714285,14,0.5714285714285714,14,0.5,14,0.42857142857142855,14,0.42857142857142855,0.04446194035464997,0.027491141114440842,-0.04086007014623316,-0.0506769780197911,0.06742290647830335,0.053141462681445706,-0.0741135856371393,-0.07232331383190299
selection,XLF,ewmac_8_32,ewmac,3775,152,10.146754966887418,153,24.673202614379086,14,5.0,38.0,152,0.2565789473684211,152,0.42105263157894735,152,0.6052631578947368,152,0.42105263157894735,152,0.47368421052631576,152,0.4868421052631579,151,0.4768211920529801,0.03417713283587202,0.025962133509490615,-0.03696910624323567,-0.027330305814573408,0.06949738139487609,0.04429718371192504,-0.07689811043975876,-0.053264120887644206
selection,XLF,lean_ema_cross_12_26,lean_ema_cross,3775,134,8.945165562913907,135,27.962962962962962,19,7.0,40.0,134,0.20149253731343283,134,0.35074626865671643,134,0.5298507462686567,134,0.44776119402985076,134,0.5447761194029851,134,0.5074626865671642,132,0.5075757575757576,0.0354472514176746,0.026719556007098022,-0.036893167920730684,-0.027510839808204013,0.06844965566737034,0.04655620927727028,-0.07396455488936549,-0.0495576120347449
selection,XLF,tsmom_126,tsmom,3775,142,9.479205298013245,143,26.3986013986014,3,1.0,10.0,142,0.676056338028169,142,0.7605633802816901,142,0.8380281690140845,142,0.4225352112676056,142,0.47183098591549294,142,0.49295774647887325,142,0.49295774647887325,0.03447509021805284,0.023778277970579242,-0.03608157405386464,-0.026047985177089394,0.07056297753535856,0.04626320169104431,-0.07086025571581261,-0.052413311109315575
selection,XLF,tsmom_21,tsmom,3775,377,25.16662251655629,386,9.756476683937823,3.0,1.0,13.0,377,0.6127320954907162,377,0.7002652519893899,377,0.8116710875331565,377,0.4880636604774536,377,0.506631299734748,377,0.5092838196286472,375,0.49866666666666665,0.04109973471402663,0.02874879500982186,-0.0414647759153424,-0.029268248208283776,0.07986438493582085,0.05335863101623395,-0.08003422923740762,-0.053671245717806904
selection,XLF,tsmom_252,tsmom,3775,92,6.141456953642384,93,40.59139784946237,3,1.0,12.0,92,0.6521739130434783,92,0.75,92,0.8260869565217391,92,0.5217391304347826,92,0.5217391304347826,92,0.4673913043478261,90,0.4777777777777778,0.03629306885234284,0.024981628275551393,-0.035809589817187036,-0.02999811068629138,0.06715562334538086,0.053916439687740736,-0.06402152082463476,-0.04764764837847901
selection,XLF,tsmom_63,tsmom,3775,196,13.083973509933776,197,19.16243654822335,4,1.0,14.0,196,0.5867346938775511,196,0.7142857142857143,196,0.8010204081632653,196,0.5,196,0.4642857142857143,196,0.49489795918367346,191,0.5078534031413613,0.033946791504321075,0.022730253101410303,-0.0388469896414141,-0.024815470244364313,0.06783314997612547,0.04646777774150035,-0.07328961206897538,-0.04513606537180892
selection,XLI,ewmac_16_64,ewmac,3775,58,3.871788079470199,59,63.983050847457626,34,15.5,71.0,58,0.08620689655172414,58,0.13793103448275862,58,0.3620689655172414,58,0.5344827586206896,58,0.5862068965517241,58,0.4482758620689655,56,0.5,0.03307107228633869,0.020492094426112994,-0.03349954374894903,-0.025652028470743715,0.059638644401494176,0.04997275235516946,-0.058250692502198144,-0.04866493325813953
selection,XLI,ewmac_32_128,ewmac,3775,34,2.2696688741721855,35,107.85714285714286,46,22.5,139.5,34,0.058823529411764705,34,0.11764705882352941,34,0.23529411764705882,34,0.5882352941176471,34,0.5,34,0.5294117647058824,34,0.38235294117647056,0.030849382891008297,0.028190928323248876,-0.0341373246984124,-0.01770750461545667,0.0524479225035421,0.04533634782230833,-0.0658657871761207,-0.05012940229307983
selection,XLI,ewmac_64_256,ewmac,3775,12,0.8010596026490067,13,290.38461538461536,91,55.0,488.0,12,0.0,12,0.0,12,0.0,12,0.5,12,0.5,12,0.6666666666666666,12,0.3333333333333333,0.04284104161616142,0.03619973942930127,-0.022863010157962643,-0.016171670192264398,0.05802547726049532,0.05690651400727409,-0.07650775152751005,-0.08167744349439587
selection,XLI,ewmac_8_32,ewmac,3775,148,9.879735099337749,149,25.335570469798657,15,5.0,39.0,148,0.2702702702702703,148,0.40540540540540543,148,0.5878378378378378,148,0.4594594594594595,148,0.5135135135135135,148,0.49324324324324326,147,0.4897959183673469,0.030743298511209126,0.023777016303708876,-0.03195350079483692,-0.024855633579899283,0.06066425480454903,0.04193798500830048,-0.06342232479419575,-0.04042455502441955
selection,XLI,lean_ema_cross_12_26,lean_ema_cross,3775,138,9.212185430463576,139,27.158273381294965,18,6.0,39.5,138,0.21014492753623187,138,0.3695652173913043,138,0.5507246376811594,138,0.463768115942029,138,0.5072463768115942,138,0.4927536231884058,137,0.48905109489051096,0.031020481961506443,0.025046354830226214,-0.031358192153292254,-0.022661031288282008,0.059811007564563944,0.047941691498052386,-0.061541323820561634,-0.03922948928086889
selection,XLI,tsmom_126,tsmom,3775,132,8.811655629139073,133,28.383458646616543,5,2.0,11.0,132,0.5454545454545454,132,0.7424242424242424,132,0.803030303030303,132,0.4621212121212121,132,0.5075757575757576,132,0.49242424242424243,129,0.5271317829457365,0.030462814522641254,0.02401266614205294,-0.029965618555708614,-0.02023863964081296,0.05884399182329284,0.041926035999392375,-0.060038271206014716,-0.045324239829915625
selection,XLI,tsmom_21,tsmom,3775,362,24.165298013245035,367,10.275204359673024,4,1.0,13.0,361,0.590027700831025,360,0.7083333333333334,357,0.7955182072829131,361,0.4903047091412742,360,0.5333333333333333,357,0.49019607843137253,356,0.49157303370786515,0.031352437290307664,0.025627852520856864,-0.031811240825053023,-0.024312449926712998,0.06118921709135983,0.04674511699606465,-0.06221994353351949,-0.04901905521290334
selection,XLI,tsmom_252,tsmom,3775,80,5.340397350993378,81,46.60493827160494,4,1.0,23.0,80,0.5625,80,0.6625,80,0.7375,80,0.5875,80,0.5,80,0.5375,79,0.569620253164557,0.03847197333586732,0.03075317117178311,-0.03764468268615635,-0.02831758049925892,0.06078785770785072,0.061502811310171435,-0.06146216052868979,-0.04683975155847242
selection,XLI,tsmom_63,tsmom,3775,184,12.282913907284769,185,20.405405405405407,3,1.0,14.0,184,0.5760869565217391,184,0.7228260869565217,184,0.7989130434782609,184,0.5163043478260869,184,0.5163043478260869,184,0.5434782608695652,181,0.5027624309392266,0.03181696972630348,0.022024743956121973,-0.030772338202658803,-0.022267645621153576,0.059409181002829374,0.051155334262942054,-0.05940188155958583,-0.04775123982138507
selection,XLK,ewmac_16_64,ewmac,3775,60,4.005298013245033,61,61.885245901639344,39,11.0,77.0,60,0.16666666666666666,60,0.25,60,0.38333333333333336,60,0.55,60,0.5833333333333334,60,0.5333333333333333,60,0.5166666666666667,0.03294852916118657,0.028576684538725416,-0.03308517876170229,-0.026253892739456386,0.0649671350100807,0.06391980933817976,-0.06721927992813441,-0.055014887964563775
selection,XLK,ewmac_32_128,ewmac,3775,26,1.7356291390728478,27,139.8148148148148,57,38.5,200.0,26,0.038461538461538464,26,0.07692307692307693,26,0.11538461538461539,26,0.34615384615384615,26,0.5,26,0.46153846153846156,26,0.5769230769230769,0.033374100383464805,0.03559067276932437,-0.03134874597597331,-0.03228775698597203,0.06384445017847912,0.05433977641208221,-0.0657428238135648,-0.0558057963844501
selection,XLK,ewmac_64_256,ewmac,3775,12,0.8010596026490067,13,290.38461538461536,216,40.0,371.0,12,0.0,12,0.16666666666666666,12,0.25,12,0.5833333333333334,12,0.3333333333333333,12,0.6666666666666666,12,0.5,0.028335502558763603,0.028243079598130105,-0.04044279878446876,-0.02164121431881394,0.04805267220512014,0.05119169319421646,-0.07560270045911675,-0.06528973642471037
selection,XLK,ewmac_8_32,ewmac,3775,146,9.746225165562914,147,25.68027210884354,13,5.0,34.5,146,0.2671232876712329,146,0.4657534246575342,146,0.6164383561643836,146,0.4315068493150685,146,0.5205479452054794,146,0.5136986301369864,143,0.48951048951048953,0.032309451242526925,0.027367697670026947,-0.03350905311708677,-0.027438028518702917,0.05921877331319572,0.04642415026674507,-0.0629889824567788,-0.04841843839836535
selection,XLK,lean_ema_cross_12_26,lean_ema_cross,3775,138,9.212185430463576,139,27.158273381294965,16,4.0,38.0,138,0.26811594202898553,138,0.4492753623188406,138,0.572463768115942,138,0.43478260869565216,138,0.5362318840579711,138,0.5,136,0.5073529411764706,0.03137705149685982,0.027583886154023962,-0.03317112257467202,-0.027635961186916358,0.060351187525103316,0.04963370828949165,-0.06276928494668402,-0.04735896072784457
selection,XLK,tsmom_126,tsmom,3775,106,7.0760264900662255,107,35.2803738317757,5,2.0,17.5,106,0.5660377358490566,106,0.6886792452830188,106,0.7641509433962265,106,0.42452830188679247,106,0.5660377358490566,106,0.5,106,0.5094339622641509,0.03893158957945609,0.033437052525326916,-0.037113778842225095,-0.030663286387729638,0.06887888718025179,0.06356107574332548,-0.06922065545469674,-0.062244705235317666
selection,XLK,tsmom_21,tsmom,3775,334,22.29615894039735,340,11.08529411764706,4.0,1.0,16.5,334,0.562874251497006,334,0.7035928143712575,334,0.781437125748503,334,0.5,334,0.5119760479041916,334,0.5029940119760479,331,0.4954682779456193,0.03255919094143126,0.02783243538419017,-0.0315726230082402,-0.025803681544694923,0.06221103247209921,0.04912523673652047,-0.061576132414825444,-0.048525707204188806
selection,XLK,tsmom_252,tsmom,3775,68,4.539337748344371,69,54.710144927536234,4,1.0,20.0,68,0.5735294117647058,68,0.6764705882352942,68,0.75,68,0.4852941176470588,68,0.5294117647058824,68,0.5147058823529411,68,0.5147058823529411,0.029837200200232672,0.02463316415599026,-0.03435902010563657,-0.030011606630236165,0.06119701669248949,0.05643416482068431,-0.06620105035001153,-0.058017595658892473
selection,XLK,tsmom_63,tsmom,3775,180,12.0158940397351,181,20.85635359116022,4,1.0,16.0,180,0.5888888888888889,180,0.7111111111111111,180,0.7666666666666667,180,0.4222222222222222,180,0.5111111111111111,180,0.5166666666666667,176,0.5056818181818182,0.031968599013087316,0.027454496729556355,-0.03643190659759765,-0.02681464899527175,0.06419216943953043,0.061973908027126545,-0.0677748963958716,-0.059322085119144274
selection,XLP,ewmac_16_64,ewmac,3775,68,4.539337748344371,69,54.710144927536234,31,10.0,69.0,68,0.11764705882352941,68,0.29411764705882354,68,0.4264705882352941,68,0.5,68,0.47058823529411764,68,0.45588235294117646,68,0.45588235294117646,0.018963255423054017,0.016502247587423247,-0.021300563395105665,-0.017102339371558695,0.03692838406562265,0.030595932828907546,-0.04141038887732732,-0.03317413268623021
selection,XLP,ewmac_32_128,ewmac,3775,24,1.6021192052980133,25,151,63,29.0,196.0,24,0.0,24,0.041666666666666664,24,0.16666666666666666,24,0.5833333333333334,24,0.3333333333333333,24,0.4583333333333333,24,0.4583333333333333,0.02333437889554295,0.016738254358713067,-0.019833241099141422,-0.020185734631310293,0.03971417617575917,0.03588374190155302,-0.04957285531006843,-0.04459112328105591
selection,XLP,ewmac_64_256,ewmac,3775,4,0.2670198675496689,5,755,344,208.0,952.0,4,0.0,4,0.0,4,0.0,4,0.5,4,0.75,4,0.75,4,1.0,0.05153327289811588,0.05195531838087869,-0.012371762044831924,-0.01108503821789214,0.07983451374485173,0.08261299492044744,-0.01806401276149247,-0.01108503821789214
selection,XLP,ewmac_8_32,ewmac,3775,130,8.678145695364238,131,28.81679389312977,16,7.0,36.0,130,0.23076923076923078,130,0.3384615384615385,130,0.6076923076923076,130,0.5538461538461539,130,0.5384615384615384,130,0.46153846153846156,130,0.46923076923076923,0.021551110022911966,0.018972804493500417,-0.02233762400854144,-0.016851968997365685,0.04001412642982829,0.030589591759102253,-0.04113404239206857,-0.03372747055886516
selection,XLP,lean_ema_cross_12_26,lean_ema_cross,3775,120,8.010596026490067,121,31.198347107438018,19,8.0,40.0,120,0.19166666666666668,120,0.30833333333333335,120,0.5333333333333333,120,0.5083333333333333,120,0.5083333333333333,120,0.48333333333333334,120,0.49166666666666664,0.022134134682910398,0.018972804493500417,-0.021891347865561964,-0.015621925699477623,0.0411194078449575,0.03352820460684408,-0.04074841247087796,-0.03153163574731832
selection,XLP,tsmom_126,tsmom,3775,172,11.481854304635762,173,21.820809248554912,2,1.0,8.0,172,0.6744186046511628,172,0.7848837209302325,172,0.8662790697674418,172,0.4883720930232558,172,0.47093023255813954,172,0.47674418604651164,172,0.4883720930232558,0.021480503922570945,0.017348472763565437,-0.024593717044206147,-0.017254057202519935,0.0410292382131514,0.03625111188769342,-0.04555142700315496,-0.037516210359921365
selection,XLP,tsmom_21,tsmom,3775,370,24.69933774834437,378,9.968253968253968,3.5,1.0,11.75,370,0.572972972972973,370,0.727027027027027,370,0.8216216216216217,370,0.5081081081081081,370,0.4918918918918919,370,0.4837837837837838,356,0.49719101123595505,0.02061270073946358,0.016676488423997438,-0.020707348251995376,-0.01735478999025014,0.03961078827898528,0.032245237084381484,-0.03993762525655732,-0.0338184343068213
selection,XLP,tsmom_252,tsmom,3775,30,2.0026490066225167,31,121.7741935483871,4,3.0,60.5,30,0.5666666666666667,30,0.6333333333333333,30,0.6333333333333333,30,0.5666666666666667,30,0.5,30,0.5666666666666667,30,0.5666666666666667,0.03715500044009433,0.024451711073054883,-0.02900885391676345,-0.018288673878080308,0.05391115041339187,0.0471788746334042,-0.04845154544093509,-0.0369633212341009
selection,XLP,tsmom_63,tsmom,3775,196,13.083973509933776,197,19.16243654822335,3,1.0,17.0,196,0.5714285714285714,196,0.6938775510204082,196,0.7755102040816326,196,0.5,196,0.4846938775510204,196,0.5102040816326531,196,0.45408163265306123,0.021467268241274255,0.018788369160183227,-0.0199834302467862,-0.016258984293157974,0.041763196201104975,0.03436056715714658,-0.04143343372772836,-0.03323205203404167
selection,XLU,ewmac_16_64,ewmac,3775,58,3.871788079470199,59,63.983050847457626,29,20.0,91.5,58,0.1206896551724138,58,0.15517241379310345,58,0.27586206896551724,58,0.4482758620689655,58,0.5344827586206896,58,0.5,58,0.4827586206896552,0.026257037679059736,0.022066511995463556,-0.0306244473732606,-0.0201487275089835,0.05435261509090022,0.039464696089139883,-0.05384783148928826,-0.04612196561820825
selection,XLU,ewmac_32_128,ewmac,3775,28,1.8691390728476822,29,130.17241379310346,57,20.0,227.0,28,0.07142857142857142,28,0.14285714285714285,28,0.2857142857142857,28,0.39285714285714285,28,0.39285714285714285,28,0.5714285714285714,28,0.5,0.01960518539697942,0.015524256762572963,-0.03251003364002839,-0.03469014582538388,0.052723111130298136,0.03459517347489366,-0.050926239131871116,-0.04480060311632461
selection,XLU,ewmac_64_256,ewmac,3775,6,0.40052980132450333,7,539.2857142857143,375,197.0,751.5,6,0.0,6,0.0,6,0.16666666666666666,6,0.6666666666666666,6,0.5,6,0.5,6,0.6666666666666666,0.02633990880852699,0.021428259419881746,-0.027740605519322115,-0.025087941174077033,0.08240981335075603,0.031898821459958815,-0.04164476261730782,-0.042532629148665624
selection,XLU,ewmac_8_32,ewmac,3775,138,9.212185430463576,139,27.158273381294965,16,6.0,33.5,138,0.2246376811594203,138,0.39855072463768115,135,0.5111111111111111,138,0.5507246376811594,138,0.47101449275362317,135,0.562962962962963,134,0.47761194029850745,0.027038860253330715,0.022739922544739555,-0.02715148199588055,-0.019634666877426765,0.05315097828873138,0.04405749466575265,-0.05417302697392746,-0.046894099292225155
selection,XLU,lean_ema_cross_12_26,lean_ema_cross,3775,120,8.010596026490067,121,31.198347107438018,25,7.0,45.0,120,0.15833333333333333,120,0.30833333333333335,117,0.4188034188034188,120,0.55,120,0.49166666666666664,117,0.5811965811965812,116,0.45689655172413796,0.02736844007321468,0.02246895190663556,-0.023643879810921895,-0.015665034815621648,0.050916753970422786,0.044081989914600994,-0.050116016336251186,-0.0392105002068277
selection,XLU,tsmom_126,tsmom,3775,116,7.743576158940398,117,32.26495726495727,4,1.0,15.0,116,0.5948275862068966,116,0.7068965517241379,116,0.7844827586206896,116,0.5086206896551724,116,0.46551724137931033,116,0.4396551724137931,116,0.4827586206896552,0.023746731670757564,0.02160899669241989,-0.02795710072936516,-0.024691892740817734,0.05436897514405716,0.03938261698143025,-0.05843746831296985,-0.043574555374114754
selection,XLU,tsmom_21,tsmom,3775,368,24.565827814569538,373,10.109919571045577,3,1.0,12.0,368,0.6222826086956522,368,0.7309782608695652,367,0.8092643051771117,368,0.483695652173913,368,0.4945652173913043,367,0.4877384196185286,362,0.5,0.028244157784063913,0.02263616612926067,-0.02785117775616387,-0.02363169100550011,0.05324110297684893,0.04850871864827261,-0.0538706456195625,-0.04824276924226917
selection,XLU,tsmom_252,tsmom,3775,56,3.7382781456953644,57,66.2280701754386,5,1.0,18.0,56,0.5357142857142857,56,0.6428571428571429,56,0.7678571428571429,56,0.4642857142857143,56,0.4107142857142857,56,0.48214285714285715,56,0.5178571428571429,0.02235135354023164,0.01750497361210379,-0.02562775069378735,-0.023994483412011103,0.05480791034773092,0.034590197998837946,-0.05531271571663599,-0.04008485564665132
selection,XLU,tsmom_63,tsmom,3775,202,13.484503311258278,203,18.59605911330049,4,1.0,14.0,201,0.6368159203980099,200,0.69,199,0.7839195979899497,201,0.43781094527363185,200,0.485,199,0.4824120603015075,198,0.494949494949495,0.026047194055197592,0.02100028977046997,-0.02809970240357158,-0.022455965307449754,0.05037717457218895,0.041128290090912734,-0.05060304918593861,-0.040464262669272166
selection,XLV,ewmac_16_64,ewmac,3775,56,3.7382781456953644,57,66.2280701754386,39,10.0,86.0,56,0.19642857142857142,56,0.26785714285714285,56,0.375,56,0.5,56,0.5178571428571429,56,0.5357142857142857,55,0.4909090909090909,0.03346475173547157,0.026703866213868666,-0.030988723565107297,-0.023504632103718448,0.0559836324866369,0.059598655602020045,-0.05798507394394598,-0.0482896414730829
selection,XLV,ewmac_32_128,ewmac,3775,32,2.136158940397351,33,114.39393939393939,70,28.0,139.0,32,0.09375,32,0.15625,32,0.1875,32,0.5,32,0.5,32,0.4375,30,0.4666666666666667,0.02871917939400197,0.023904309195110662,-0.030523129597435753,-0.023417361682998572,0.047814482971648246,0.04690486516648856,-0.05511876259553742,-0.034880886868949135
selection,XLV,ewmac_64_256,ewmac,3775,10,0.6675496688741722,11,343.1818181818182,228,55.0,383.0,10,0.0,10,0.0,10,0.0,10,0.4,10,0.6,10,0.6,10,0.6,0.031085132879782273,0.025445834108824783,-0.01786180486139779,-0.019349329599263554,0.047399589843778664,0.0528996751192099,-0.045153946870226704,-0.026116013458684417
selection,XLV,ewmac_8_32,ewmac,3775,146,9.746225165562914,147,25.68027210884354,15,4.5,38.0,146,0.2808219178082192,146,0.4178082191780822,146,0.5684931506849316,146,0.4726027397260274,146,0.541095890410959,146,0.5,145,0.5172413793103449,0.028204195312067665,0.023823918261342614,-0.028024817331192935,-0.021249748373042165,0.053712496177403576,0.044872510608179095,-0.05379396695014105,-0.05077596562945319
selection,XLV,lean_ema_cross_12_26,lean_ema_cross,3775,128,8.544635761589404,129,29.26356589147287,18,7.0,43.0,128,0.1953125,128,0.3359375,128,0.5078125,128,0.5078125,128,0.515625,128,0.5234375,127,0.4881889763779528,0.027777974356653447,0.023558507591211253,-0.026514124027668742,-0.02139259735367305,0.05260189756515104,0.04558850364919986,-0.05262000262906664,-0.05195696724873433
selection,XLV,tsmom_126,tsmom,3775,164,10.947814569536424,165,22.87878787878788,3,1.0,9.0,164,0.6097560975609756,164,0.7804878048780488,164,0.8414634146341463,164,0.4695121951219512,164,0.4329268292682927,164,0.4878048780487805,163,0.5030674846625767,0.024835562976870076,0.02207341736774482,-0.025947054515542415,-0.023287881023416446,0.04787436135200803,0.03977711217067248,-0.052192034954327005,-0.042029042862595345
selection,XLV,tsmom_21,tsmom,3775,371,24.76609271523179,378,9.970899470899472,3.0,1.0,11.75,371,0.6091644204851752,371,0.7331536388140162,371,0.8247978436657682,371,0.48787061994609165,371,0.48787061994609165,371,0.4582210242587601,368,0.4945652173913043,0.024553113088107655,0.020838381689029295,-0.027137760886107334,-0.022026983206705486,0.049825350065358924,0.04004057925513388,-0.05213179527992083,-0.04074077784082086
selection,XLV,tsmom_252,tsmom,3775,64,4.272317880794702,64,58.984375,4.0,1.0,18.0,64,0.5625,64,0.703125,64,0.75,64,0.484375,64,0.5,64,0.46875,61,0.4918032786885246,0.022014704020664945,0.020332759382638066,-0.024177269773340785,-0.017080981786588068,0.04484437447153417,0.03279705364490171,-0.04905929226006272,-0.03737466329191641
selection,XLV,tsmom_63,tsmom,3775,152,10.146754966887418,153,24.673202614379086,4,1.0,20.0,152,0.5921052631578947,152,0.6842105263157895,152,0.756578947368421,152,0.5263157894736842,152,0.5131578947368421,152,0.5197368421052632,147,0.4965986394557823,0.03230744633989001,0.0235727460218369,-0.031100075285302575,-0.0213118953630812,0.062214735793645844,0.05261518807753407,-0.062235938971473614,-0.05419054289769876
selection,XLY,ewmac_16_64,ewmac,3775,60,4.005298013245033,61,61.885245901639344,46,15.0,84.0,60,0.13333333333333333,60,0.2,60,0.3333333333333333,60,0.55,60,0.55,60,0.55,60,0.5333333333333333,0.03385087500737912,0.02599714130665781,-0.026806304921366927,-0.02266742901131813,0.06468208541110605,0.06123930139937833,-0.0595108801543601,-0.03800622488578309
selection,XLY,ewmac_32_128,ewmac,3775,24,1.6021192052980133,25,151,68,44.0,222.0,24,0.0,24,0.125,24,0.25,24,0.4583333333333333,24,0.4166666666666667,24,0.5,24,0.4583333333333333,0.024643600629055754,0.02366912876275118,-0.04147778967881965,-0.028485781570743773,0.05143194459448146,0.043651437461264264,-0.06438756850177732,-0.05133260761472902
selection,XLY,ewmac_64_256,ewmac,3775,12,0.8010596026490067,13,290.38461538461536,162,14.0,257.0,12,0.0,12,0.08333333333333333,12,0.3333333333333333,12,0.3333333333333333,12,0.3333333333333333,12,0.5,12,0.5833333333333334,0.021781599511098804,0.01544437621183542,-0.03972396370574466,-0.04076876240418803,0.056780430559257515,0.037981569558924344,-0.06949256937896314,-0.04076876240418803
selection,XLY,ewmac_8_32,ewmac,3775,138,9.212185430463576,139,27.158273381294965,15,5.0,39.0,138,0.2753623188405797,138,0.42028985507246375,138,0.572463768115942,138,0.5289855072463768,138,0.5217391304347826,138,0.5217391304347826,135,0.5111111111111111,0.03198124832095429,0.023862593096894424,-0.030599208210910205,-0.023230669139990112,0.06396840120704583,0.04989071196518724,-0.06401274751741111,-0.04388581248843049
selection,XLY,lean_ema_cross_12_26,lean_ema_cross,3775,118,7.877086092715232,119,31.722689075630253,22,8.5,45.5,118,0.19491525423728814,118,0.3050847457627119,118,0.4745762711864407,118,0.559322033898305,118,0.5338983050847458,118,0.5338983050847458,115,0.5217391304347826,0.032764842542647964,0.026047449902381503,-0.027083667375156155,-0.01939504856352836,0.06204774852990802,0.045805693980774165,-0.058333763097480555,-0.039618297542841185
selection,XLY,tsmom_126,tsmom,3775,146,9.746225165562914,147,25.68027210884354,3,1.0,9.0,146,0.6712328767123288,146,0.7876712328767124,146,0.815068493150685,146,0.4726027397260274,146,0.4794520547945205,146,0.5205479452054794,146,0.4657534246575342,0.03376105625836942,0.026732347369137155,-0.03403883590906653,-0.026087467940831333,0.058927316389499676,0.0456914185819246,-0.060426967719289015,-0.04787854564036598
selection,XLY,tsmom_21,tsmom,3775,338,22.56317880794702,343,10.994169096209912,3,1.0,15.0,338,0.5946745562130178,338,0.7041420118343196,336,0.7916666666666666,338,0.5029585798816568,338,0.5384615384615384,336,0.5,331,0.5045317220543807,0.030679783649099547,0.022869093548120834,-0.030452422732419382,-0.021526056638901614,0.060193702468012165,0.047774501904819244,-0.059572218099606056,-0.047052788417520475
selection,XLY,tsmom_252,tsmom,3775,48,3.2042384105960267,49,77.04081632653062,3,2.0,16.0,48,0.6041666666666666,48,0.6875,48,0.7708333333333334,48,0.4791666666666667,48,0.4166666666666667,48,0.4791666666666667,48,0.4791666666666667,0.03085821860244414,0.02164799168622833,-0.032029417834404814,-0.022200653297013595,0.05603568163369151,0.03997977449973994,-0.05381814882765763,-0.032619451626932305
selection,XLY,tsmom_63,tsmom,3775,192,12.816953642384107,193,19.559585492227978,4,1.0,16.0,192,0.6041666666666666,192,0.703125,190,0.7736842105263158,192,0.4791666666666667,192,0.4791666666666667,190,0.5421052631578948,187,0.4919786096256685,0.03405155240820744,0.01980355605396522,-0.033753331353732215,-0.018970003434444493,0.06461426963992975,0.04172093141057842,-0.0650270084315801,-0.04036514512870837
